status,old_path,new_path,reason
skip_unmatched,output_md/AGENTS.md,output_md/AGENTS.md,无法解析旧文章文件名
skip_wiki,output_md/wiki/index.md,output_md/wiki/index.md,wiki目录整体跳过
skip_wiki,output_md/wiki/logs.md,output_md/wiki/logs.md,wiki目录整体跳过
skip_wiki,output_md/wiki/产品母页/国寿丰饶传承3 × 广发银行保费融资.md,output_md/wiki/产品母页/国寿丰饶传承3 × 广发银行保费融资.md,wiki目录整体跳过
skip_wiki,output_md/wiki/产品母页/安盛盛利2.md,output_md/wiki/产品母页/安盛盛利2.md,wiki目录整体跳过
skip_wiki,output_md/wiki/产品母页/宏利宏挚传承.md,output_md/wiki/产品母页/宏利宏挚传承.md,wiki目录整体跳过
skip_wiki,output_md/wiki/保司母页/保诚.md,output_md/wiki/保司母页/保诚.md,wiki目录整体跳过
skip_wiki,output_md/wiki/创作框架/产品祛魅式信任建立框架.md,output_md/wiki/创作框架/产品祛魅式信任建立框架.md,wiki目录整体跳过
skip_wiki,output_md/wiki/创作框架/收益神话祛魅科普框架.md,output_md/wiki/创作框架/收益神话祛魅科普框架.md,wiki目录整体跳过
skip_wiki,output_md/wiki/创作框架/行业黑盒揭露式信任建立框架.md,output_md/wiki/创作框架/行业黑盒揭露式信任建立框架.md,wiki目录整体跳过
skip_wiki,output_md/wiki/创作框架/跟风阻断式产品问诊框架.md,output_md/wiki/创作框架/跟风阻断式产品问诊框架.md,wiki目录整体跳过
skip_wiki,output_md/wiki/创作框架/高收益诱惑拆解框架.md,output_md/wiki/创作框架/高收益诱惑拆解框架.md,wiki目录整体跳过
skip_wiki,output_md/wiki/底层认知/index.md,output_md/wiki/底层认知/index.md,wiki目录整体跳过
skip_wiki,output_md/wiki/底层认知/产品形态谱系.md,output_md/wiki/底层认知/产品形态谱系.md,wiki目录整体跳过
skip_wiki,output_md/wiki/底层认知/分红实现率判断模型.md,output_md/wiki/底层认知/分红实现率判断模型.md,wiki目录整体跳过
skip_wiki,output_md/wiki/底层认知/搜索意图与高价值词根映射模型.md,output_md/wiki/底层认知/搜索意图与高价值词根映射模型.md,wiki目录整体跳过
skip_wiki,output_md/wiki/底层认知/高价值缺陷与漏洞.md,output_md/wiki/底层认知/高价值缺陷与漏洞.md,wiki目录整体跳过
skip_wiki,output_md/wiki/来源账本/index.md,output_md/wiki/来源账本/index.md,wiki目录整体跳过
skip_wiki,output_md/wiki/来源账本/文章账本/安盛盛利2 2年缴热度文章.md,output_md/wiki/来源账本/文章账本/安盛盛利2 2年缴热度文章.md,wiki目录整体跳过
skip_wiki,output_md/wiki/来源账本/账号与矩阵账本/index.md,output_md/wiki/来源账本/账号与矩阵账本/index.md,wiki目录整体跳过
skip_wiki,output_md/wiki/案例故事/73岁父亲给3岁小儿子配置港险：不赴港传承安排.md,output_md/wiki/案例故事/73岁父亲给3岁小儿子配置港险：不赴港传承安排.md,wiki目录整体跳过
skip_wiki,output_md/wiki/案例故事/index.md,output_md/wiki/案例故事/index.md,wiki目录整体跳过
skip_wiki,output_md/wiki/案例故事/周大福匠心传承真实提领：5000美金三天到账.md,output_md/wiki/案例故事/周大福匠心传承真实提领：5000美金三天到账.md,wiki目录整体跳过
skip_wiki,output_md/wiki/案例故事/老王300万闲钱：提前还贷还是配置港险.md,output_md/wiki/案例故事/老王300万闲钱：提前还贷还是配置港险.md,wiki目录整体跳过
skip_wiki,output_md/wiki/案例故事/赵女士40岁养老金方案：私企员工对抗延迟退休和长寿风险.md,output_md/wiki/案例故事/赵女士40岁养老金方案：私企员工对抗延迟退休和长寿风险.md,wiki目录整体跳过
skip_wiki,output_md/wiki/案例故事/香港银行中层一家四口：保险不是赔自己，是兜住家人.md,output_md/wiki/案例故事/香港银行中层一家四口：保险不是赔自己，是兜住家人.md,wiki目录整体跳过
skip_wiki,output_md/wiki/知识库规则/01-知识库总则.md,output_md/wiki/知识库规则/01-知识库总则.md,wiki目录整体跳过
skip_wiki,output_md/wiki/知识库规则/02-入库与来源管理.md,output_md/wiki/知识库规则/02-入库与来源管理.md,wiki目录整体跳过
skip_wiki,output_md/wiki/知识库规则/03-产品与案例页面标准.md,output_md/wiki/知识库规则/03-产品与案例页面标准.md,wiki目录整体跳过
skip_wiki,output_md/wiki/知识库规则/04-创作框架与写作资产.md,output_md/wiki/知识库规则/04-创作框架与写作资产.md,wiki目录整体跳过
skip_wiki,output_md/wiki/知识库规则/05-质量控制与风险治理.md,output_md/wiki/知识库规则/05-质量控制与风险治理.md,wiki目录整体跳过
skip_wiki,output_md/wiki/知识库规则/06-选题与搜索意图管理.md,output_md/wiki/知识库规则/06-选题与搜索意图管理.md,wiki目录整体跳过
skip_wiki,output_md/wiki/知识库规则/index.md,output_md/wiki/知识库规则/index.md,wiki目录整体跳过
skip_wiki,output_md/wiki/知识库规则/未命名.md,output_md/wiki/知识库规则/未命名.md,wiki目录整体跳过
ready,output_md/z产品对比/伟伟说投资_【投保案例】潜伏一年，全网对比！听听河南黄姐掏心窝子的话…_20260426_190332.md,output_md/z产品对比/260426_伟伟说投资_【投保案例】潜伏一年，全网对比！听听河南黄姐掏心窝子的话…_190332.md,可改名
ready,output_md/z产品对比/伟伟说投资_存15万，孩子能拿到手100万！香港六大保司杠杆寿大测评！只..._20260426_190326.md,output_md/z产品对比/260426_伟伟说投资_存15万，孩子能拿到手100万！香港六大保司杠杆寿大测评！只..._190326.md,可改名
ready,output_md/z产品对比/伟伟说投资_拒绝了友邦和安盛，她独具慧眼的选择了TA_20260427_160018.md,output_md/z产品对比/260427_伟伟说投资_拒绝了友邦和安盛，她独具慧眼的选择了TA_160018.md,可改名
ready,output_md/z产品对比/伟伟说投资_港险提领密码终极PK：从225到51010，哪款产品账户越领..._20260426_190331.md,output_md/z产品对比/260426_伟伟说投资_港险提领密码终极PK：从225到51010，哪款产品账户越领..._190331.md,可改名
ready,output_md/z产品对比/伟伟说投资_港险提领王？安盛盛利2和永明星河尊享2，哪个更好？_20260426_190328.md,output_md/z产品对比/260426_伟伟说投资_港险提领王？安盛盛利2和永明星河尊享2，哪个更好？_190328.md,可改名
ready,output_md/z产品对比/崔伟说投资_2026 港险开门红：8款热门产品深度测评，你适合哪一款？_20260426_190321.md,output_md/z产品对比/260426_崔伟说投资_2026 港险开门红：8款热门产品深度测评，你适合哪一款？_190321.md,可改名
ready,output_md/z产品对比/港险圈研究院_盈J天下2 VS星H尊享2：看富W的产品设计理念如何降维打击_20260426_190324.md,output_md/z产品对比/260426_港险圈研究院_盈J天下2 VS星H尊享2：看富W的产品设计理念如何降维打击_190324.md,可改名
ready,output_md/z产品对比/港险渠道_2026香港储蓄分红险终极PK：收益、功能、公司实力全维度拆..._20260426_190317.md,output_md/z产品对比/260426_港险渠道_2026香港储蓄分红险终极PK：收益、功能、公司实力全维度拆..._190317.md,可改名
ready,output_md/z产品对比/港险渠道_友邦环宇盈活 vs 安盛盛利2II - 至尊：深度对比解析_20260426_190314.md,output_md/z产品对比/260426_港险渠道_友邦环宇盈活 vs 安盛盛利2II - 至尊：深度对比解析_190314.md,可改名
ready,output_md/z产品对比/港险渠道_友邦环宇盈活 vs 安盛盛利2：终极对决_20260426_190311.md,output_md/z产品对比/260426_港险渠道_友邦环宇盈活 vs 安盛盛利2：终极对决_190311.md,可改名
ready,output_md/z产品对比/港险渠道_友邦环宇盈活 vs 安盛盛利2：香港储蓄险双雄终极对决_20260426_190320.md,output_md/z产品对比/260426_港险渠道_友邦环宇盈活 vs 安盛盛利2：香港储蓄险双雄终极对决_190320.md,可改名
ready,output_md/z产品对比/港险渠道_安盛盛利II-至尊：2年缴费，30年翻6.4倍！但太保突然扔..._20260426_190312.md,output_md/z产品对比/260426_港险渠道_安盛盛利II-至尊：2年缴费，30年翻6.4倍！但太保突然扔..._190312.md,可改名
ready,output_md/z产品对比/港险渠道_香港三大顶流储蓄险PK：友邦环宇盈活vs宏利宏挚家传承vs安..._20260426_190315.md,output_md/z产品对比/260426_港险渠道_香港三大顶流储蓄险PK：友邦环宇盈活vs宏利宏挚家传承vs安..._190315.md,可改名
ready,output_md/z产品对比/蓝星探险_2年交的港险，哪些值得买？四大维度超详细对比_20260426_190305.md,output_md/z产品对比/260426_蓝星探险_2年交的港险，哪些值得买？四大维度超详细对比_190305.md,可改名
ready,output_md/z产品对比/蓝星探险_IUL和杠杆寿，给孩子留钱哪个更好_20260426_190309.md,output_md/z产品对比/260426_蓝星探险_IUL和杠杆寿，给孩子留钱哪个更好_190309.md,可改名
ready,output_md/z产品对比/蓝星探险_友邦、保诚、安盛、宏利香港四大外资保司，王牌产品对比_20260503_162210.md,output_md/z产品对比/260503_蓝星探险_友邦、保诚、安盛、宏利香港四大外资保司，王牌产品对比_162210.md,可改名
ready,output_md/z产品对比/蓝星探险_盛利2 PK 星河尊享2，谁是两年交之王_20260503_162211.md,output_md/z产品对比/260503_蓝星探险_盛利2 PK 星河尊享2，谁是两年交之王_162211.md,可改名
ready,output_md/z产品对比/蓝星探险_香港杠杆寿排行榜，6款热门产品全方位横评_20260426_190307.md,output_md/z产品对比/260426_蓝星探险_香港杠杆寿排行榜，6款热门产品全方位横评_190307.md,可改名
ready,output_md/z产品对比/香港保险行业资讯_2026年，香港5款10年期缴费储蓄险分红对比_20260426_190323.md,output_md/z产品对比/260426_香港保险行业资讯_2026年，香港5款10年期缴费储蓄险分红对比_190323.md,可改名
ready,output_md/z产品对比/香港保险行业资讯_2026年，香港9款2年期缴费储蓄险分红对比_20260503_162212.md,output_md/z产品对比/260503_香港保险行业资讯_2026年，香港9款2年期缴费储蓄险分红对比_162212.md,可改名
ready,output_md/z产品对比/香港保险行业资讯_2026年，香港保诚保险公司在售3款储蓄险分红对比_20260427_160014.md,output_md/z产品对比/260427_香港保险行业资讯_2026年，香港保诚保险公司在售3款储蓄险分红对比_160014.md,可改名
ready,output_md/z产品对比/香港保险行业资讯_2026年，香港保诚在售3款重疾险对比_20260426_183339.md,output_md/z产品对比/260426_香港保险行业资讯_2026年，香港保诚在售3款重疾险对比_183339.md,可改名
ready,output_md/z产品对比/香港保险行业资讯_2026年，香港安盛保险公司在售6款储蓄险分红对比_20260427_160017.md,output_md/z产品对比/260427_香港保险行业资讯_2026年，香港安盛保险公司在售6款储蓄险分红对比_160017.md,可改名
skip_already_new,output_md/z非热门产品/260503_伟伟说投资_每年吃息3%+，大公司爆款快返年金选哪款？_134007_20260503_212854.md,output_md/z非热门产品/260503_伟伟说投资_每年吃息3%+，大公司爆款快返年金选哪款？_134007_20260503_212854.md,已经是目标格式
ready,output_md/z非热门产品/伟伟说投资_2026太保新年金：存完即领，派息3.3%？_20260427_160011.md,output_md/z非热门产品/260427_伟伟说投资_2026太保新年金：存完即领，派息3.3%？_160011.md,可改名
ready,output_md/z非热门产品/伟伟说投资_保证复利3.5%？深扒太保新品【鑫安逸】，到底有没有坑？_20260426_190032.md,output_md/z非热门产品/260426_伟伟说投资_保证复利3.5%？深扒太保新品【鑫安逸】，到底有没有坑？_190032.md,可改名
ready,output_md/z非热门产品/伟伟说投资_内部：保C「隽升」最新分红数据公布！跟风买的朋友速看_20260426_190027.md,output_md/z非热门产品/260426_伟伟说投资_内部：保C「隽升」最新分红数据公布！跟风买的朋友速看_190027.md,可改名
ready,output_md/z非热门产品/伟伟说投资_大厂出品｜太保鑫安逸来了！当年没买的3.5%增额寿，换个地方..._20260426_190030.md,output_md/z非热门产品/260426_伟伟说投资_大厂出品｜太保鑫安逸来了！当年没买的3.5%增额寿，换个地方..._190030.md,可改名
ready,output_md/z非热门产品/伟伟说投资_李氏家族推出派息8%的养老储蓄，连六大行都慌了！_20260427_160012.md,output_md/z非热门产品/260427_伟伟说投资_李氏家族推出派息8%的养老储蓄，连六大行都慌了！_160012.md,可改名
ready,output_md/z非热门产品/多财Global_3亿美元的天价保单，揭秘全球巨富为何青睐IUL？_20260426_185955.md,output_md/z非热门产品/260426_多财Global_3亿美元的天价保单，揭秘全球巨富为何青睐IUL？_185955.md,可改名
ready,output_md/z非热门产品/好险有肥虫_两年前买的周大福匠心传承，提取顺利吗？_20260427_160007.md,output_md/z非热门产品/260427_好险有肥虫_两年前买的周大福匠心传承，提取顺利吗？_160007.md,可改名
ready,output_md/z非热门产品/好险有肥虫_鑫安逸30年确定irr3.5%，不保证的又是什么？_20260427_160008.md,output_md/z非热门产品/260427_好险有肥虫_鑫安逸30年确定irr3.5%，不保证的又是什么？_160008.md,可改名
ready,output_md/z非热门产品/小冯妮儿聊港险_中银-月悦出息，50岁姐姐连续2年存50万，第3年领5万零花..._20260426_190021.md,output_md/z非热门产品/260426_小冯妮儿聊港险_中银-月悦出息，50岁姐姐连续2年存50万，第3年领5万零花..._190021.md,可改名
ready,output_md/z非热门产品/崔伟说投资_15年IRR６%！苏L世「瑞Y」全新储蓄险重磅发布！行业新标..._20260426_190004.md,output_md/z非热门产品/260426_崔伟说投资_15年IRR６%！苏L世「瑞Y」全新储蓄险重磅发布！行业新标..._190004.md,可改名
ready,output_md/z非热门产品/崔伟说投资_2026保诚隽升年增长超10%，分红实现率要起飞_20260427_160001.md,output_md/z非热门产品/260427_崔伟说投资_2026保诚隽升年增长超10%，分红实现率要起飞_160001.md,可改名
ready,output_md/z非热门产品/崔伟说投资_3年保证3.21%，5年5.02%抢跑市场，Blue「Go息..._20260426_190005.md,output_md/z非热门产品/260426_崔伟说投资_3年保证3.21%，5年5.02%抢跑市场，Blue「Go息..._190005.md,可改名
ready,output_md/z非热门产品/崔伟说投资_保证5年回本！安达人寿王牌储蓄「安达传承守创V」，提供 短·..._20260426_190002.md,output_md/z非热门产品/260426_崔伟说投资_保证5年回本！安达人寿王牌储蓄「安达传承守创V」，提供 短·..._190002.md,可改名
ready,output_md/z非热门产品/崔伟说投资_保诚「骏誉财富」重磅推出： 超稳健+终身现金流，一张保单搞定..._20260426_190000.md,output_md/z非热门产品/260426_崔伟说投资_保诚「骏誉财富」重磅推出： 超稳健+终身现金流，一张保单搞定..._190000.md,可改名
ready,output_md/z非热门产品/有态度的精蒜湿_116疯狂提领，20年财富1变3.5！全网刷屏的匠心飞跃凭什..._20260427_160010.md,output_md/z非热门产品/260427_有态度的精蒜湿_116疯狂提领，20年财富1变3.5！全网刷屏的匠心飞跃凭什..._160010.md,可改名
ready,output_md/z非热门产品/港险圈研究院_周大福「匠心飞越」刷爆港险圈！收益封顶全港最快，但劝你别闭眼..._20260426_183328.md,output_md/z非热门产品/260426_港险圈研究院_周大福「匠心飞越」刷爆港险圈！收益封顶全港最快，但劝你别闭眼..._183328.md,可改名
ready,output_md/z非热门产品/港险圈研究院_太保鑫安逸上架：3.5%保证的“绝版”增额寿，手慢无！_20260426_190025.md,output_md/z非热门产品/260426_港险圈研究院_太保鑫安逸上架：3.5%保证的“绝版”增额寿，手慢无！_190025.md,可改名
ready,output_md/z非热门产品/港险圈研究院_太保鑫安逸：最后一张3.5%的船票，4月17日之后，再也没有..._20260426_190022.md,output_md/z非热门产品/260426_港险圈研究院_太保鑫安逸：最后一张3.5%的船票，4月17日之后，再也没有..._190022.md,可改名
ready,output_md/z非热门产品/港险宝宝PRO_IRR6%仅需15年，苏黎世「瑞盈」储蓄计划上线，刷新财富增..._20260426_185948.md,output_md/z非热门产品/260426_港险宝宝PRO_IRR6%仅需15年，苏黎世「瑞盈」储蓄计划上线，刷新财富增..._185948.md,可改名
ready,output_md/z非热门产品/港险宝宝PRO_强势出圈！周大福「匠心・飞越」储蓄保险计划再创行业新高度！_20260426_185946.md,output_md/z非热门产品/260426_港险宝宝PRO_强势出圈！周大福「匠心・飞越」储蓄保险计划再创行业新高度！_185946.md,可改名
ready,output_md/z非热门产品/港险渠道_IRR长期累计11.9%（中短增值冠军）苏黎世瑞盈储蓄保险计..._20260426_185958.md,output_md/z非热门产品/260426_港险渠道_IRR长期累计11.9%（中短增值冠军）苏黎世瑞盈储蓄保险计..._185958.md,可改名
ready,output_md/z非热门产品/港险渠道_周大福匠心飞越，珠宝与保险的跨界融合，会擦出哪些火花？_20260426_185956.md,output_md/z非热门产品/260426_港险渠道_周大福匠心飞越，珠宝与保险的跨界融合，会擦出哪些火花？_185956.md,可改名
ready,output_md/z非热门产品/蓝星探险_15年复利6%!全网吹爆的苏黎世瑞盈，我劝你别急着上车！_20260426_185953.md,output_md/z非热门产品/260426_蓝星探险_15年复利6%!全网吹爆的苏黎世瑞盈，我劝你别急着上车！_185953.md,可改名
ready,output_md/z非热门产品/蓝星探险_太平人寿王炸产品，交200万，第6年开始每年14万领终身！_20260426_185952.md,output_md/z非热门产品/260426_蓝星探险_太平人寿王炸产品，交200万，第6年开始每年14万领终身！_185952.md,可改名
ready,output_md/z非热门产品/蓝星探险_央企出品，人民币保单天花板！傲珑盛世深度测评！_20260426_185950.md,output_md/z非热门产品/260426_蓝星探险_央企出品，人民币保单天花板！傲珑盛世深度测评！_185950.md,可改名
ready,output_md/z非热门产品/蓝星探险_爆火！平安能投资海外的保险，到底什么来头_20260503_162152.md,output_md/z非热门产品/260503_蓝星探险_爆火！平安能投资海外的保险，到底什么来头_162152.md,可改名
ready,output_md/z非热门产品/蓝星探险_破纪录！3亿美金天价保单！为什么顶豪这么喜欢买IUL？_20260426_185954.md,output_md/z非热门产品/260426_蓝星探险_破纪录！3亿美金天价保单！为什么顶豪这么喜欢买IUL？_185954.md,可改名
ready,output_md/z非热门产品/长城港险_15年IRR高达6%，苏黎世「瑞Y」彻底藏不住了!_20260427_160005.md,output_md/z非热门产品/260427_长城港险_15年IRR高达6%，苏黎世「瑞Y」彻底藏不住了!_160005.md,可改名
ready,output_md/z非热门产品/长城港险_香港万用寿险悄悄火了！香港永明「永耀II」全解析_20260427_160003.md,output_md/z非热门产品/260427_长城港险_香港万用寿险悄悄火了！香港永明「永耀II」全解析_160003.md,可改名
ready,output_md/z非热门产品/香港保险行业资讯_2026年2月27日，香港微蓝保险公司推出储蓄险——GO息宝..._20260426_190020.md,output_md/z非热门产品/260426_香港保险行业资讯_2026年2月27日，香港微蓝保险公司推出储蓄险——GO息宝..._190020.md,可改名
ready,output_md/z非热门产品/香港保险行业资讯_2026年3月10日，香港苏黎世保险公司推出储蓄险「瑞盈储蓄..._20260426_190013.md,output_md/z非热门产品/260426_香港保险行业资讯_2026年3月10日，香港苏黎世保险公司推出储蓄险「瑞盈储蓄..._190013.md,可改名
ready,output_md/z非热门产品/香港保险行业资讯_2026年3月2日，香港保诚推出保证分红储蓄险【5年智富】_20260426_190018.md,output_md/z非热门产品/260426_香港保险行业资讯_2026年3月2日，香港保诚推出保证分红储蓄险【5年智富】_190018.md,可改名
ready,output_md/z非热门产品/香港保险行业资讯_2026年3月5日，香港太平洋推出保证分红30年储蓄险——鑫..._20260426_190015.md,output_md/z非热门产品/260426_香港保险行业资讯_2026年3月5日，香港太平洋推出保证分红30年储蓄险——鑫..._190015.md,可改名
ready,output_md/z非热门产品/香港保险行业资讯_2026年4月13日，香港富卫推出终身寿险——创逸致富（丰裕..._20260426_183327.md,output_md/z非热门产品/260426_香港保险行业资讯_2026年4月13日，香港富卫推出终身寿险——创逸致富（丰裕..._183327.md,可改名
ready,output_md/z非热门产品/香港保险行业资讯_2026年4月15日，香港保诚保险公司停售储蓄险——隽宝_20260426_190017.md,output_md/z非热门产品/260426_香港保险行业资讯_2026年4月15日，香港保诚保险公司停售储蓄险——隽宝_190017.md,可改名
ready,output_md/z非热门产品/香港保险行业资讯_2026年4月15日，香港保诚保险公司推出储蓄险【駿誉财富】_20260426_183326.md,output_md/z非热门产品/260426_香港保险行业资讯_2026年4月15日，香港保诚保险公司推出储蓄险【駿誉财富】_183326.md,可改名
ready,output_md/z非热门产品/香港保险行业资讯_2026年4月1日，香港中银人寿推出储蓄险【薪粹传承】_20260426_190011.md,output_md/z非热门产品/260426_香港保险行业资讯_2026年4月1日，香港中银人寿推出储蓄险【薪粹传承】_190011.md,可改名
ready,output_md/z非热门产品/香港保险行业资讯_2026年4月20日，香港万通保险公司推出储蓄险【富饶传家】_20260426_190008.md,output_md/z非热门产品/260426_香港保险行业资讯_2026年4月20日，香港万通保险公司推出储蓄险【富饶传家】_190008.md,可改名
ready,output_md/z非热门产品/香港保险行业资讯_2026年4月20日，香港宏利推出「投保第1个月开始取钱」年..._20260426_190009.md,output_md/z非热门产品/260426_香港保险行业资讯_2026年4月20日，香港宏利推出「投保第1个月开始取钱」年..._190009.md,可改名
ready,output_md/z非热门产品/香港保险行业资讯_2026年4月27日，香港周大福保险公司推出储蓄险【匠心飞越..._20260427_160002.md,output_md/z非热门产品/260427_香港保险行业资讯_2026年4月27日，香港周大福保险公司推出储蓄险【匠心飞越..._160002.md,可改名
ready,output_md/z非热门产品/香港保险行业资讯_2026年4月29日，香港保诚保险公司停售终身寿险【自主未来..._20260426_190006.md,output_md/z非热门产品/260426_香港保险行业资讯_2026年4月29日，香港保诚保险公司停售终身寿险【自主未来..._190006.md,可改名
ready,output_md/z非热门产品/香港保险行业资讯_2026年4月29日，香港保诚保险公司推出终身寿险【自主未来..._20260503_162155.md,output_md/z非热门产品/260503_香港保险行业资讯_2026年4月29日，香港保诚保险公司推出终身寿险【自主未来..._162155.md,可改名
ready,output_md/z非热门产品/香港保险行业资讯_2026年5月4日，香港太平洋推出储蓄险【世代悦享3】_20260503_162153.md,output_md/z非热门产品/260503_香港保险行业资讯_2026年5月4日，香港太平洋推出储蓄险【世代悦享3】_162153.md,可改名
ready,output_md/z香港vs内地/伟伟说投资_1.75%→1.25%！内地头部保司集体降息，分红险的黄金窗..._20260426_185941.md,output_md/z香港vs内地/260426_伟伟说投资_1.75%→1.25%！内地头部保司集体降息，分红险的黄金窗..._185941.md,可改名
ready,output_md/z香港vs内地/伟伟说投资_人民币汇率创三年新高！2026最值得入手的「人民币保单」深度..._20260426_185939.md,output_md/z香港vs内地/260426_伟伟说投资_人民币汇率创三年新高！2026最值得入手的「人民币保单」深度..._185939.md,可改名
ready,output_md/z香港vs内地/崔伟说投资_再升级！保诚保单可直付内地养老院，香港投保内地养老一步到位_20260503_162217.md,output_md/z香港vs内地/260503_崔伟说投资_再升级！保诚保单可直付内地养老院，香港投保内地养老一步到位_162217.md,可改名
ready,output_md/z香港vs内地/港险宝宝PRO_内地保险返佣_索佣3万将入刑，那香港呢？_20260426_185934.md,output_md/z香港vs内地/260426_港险宝宝PRO_内地保险返佣_索佣3万将入刑，那香港呢？_185934.md,可改名
ready,output_md/z香港vs内地/港险渠道_汇率波动下的财富真相：人民币1_6时，香港保险真的会亏吗？_20260426_185936.md,output_md/z香港vs内地/260426_港险渠道_汇率波动下的财富真相：人民币1_6时，香港保险真的会亏吗？_185936.md,可改名
ready,output_md/z香港vs内地/蓝星探险_为什么内地下架的3.5，又在香港开卖了？_20260426_185935.md,output_md/z香港vs内地/260426_蓝星探险_为什么内地下架的3.5，又在香港开卖了？_185935.md,可改名
skip_already_new,output_md/什么是香港保险/260409_崔伟说投资_买香港储蓄险，到底在买什么？_111613_20260503_212850.md,output_md/什么是香港保险/260409_崔伟说投资_买香港储蓄险，到底在买什么？_111613_20260503_212850.md,已经是目标格式
skip_already_new,output_md/什么是香港保险/260415_崔伟说投资_“跨境投保”新政持续加码，港险再迎实质性利好！_161020_20260503_212847.md,output_md/什么是香港保险/260415_崔伟说投资_“跨境投保”新政持续加码，港险再迎实质性利好！_161020_20260503_212847.md,已经是目标格式
skip_already_new,output_md/什么是香港保险/260417_蓝星探险_点开秒懂，香港保险的计划书，到底怎么看？_190947_20260503_212845.md,output_md/什么是香港保险/260417_蓝星探险_点开秒懂，香港保险的计划书，到底怎么看？_190947_20260503_212845.md,已经是目标格式
skip_already_new,output_md/什么是香港保险/260428_伟伟说投资_他撕开了真相，保险真的是骗人的吗？_164028_20260503_212850.md,output_md/什么是香港保险/260428_伟伟说投资_他撕开了真相，保险真的是骗人的吗？_164028_20260503_212850.md,已经是目标格式
ready,output_md/什么是香港保险/伟伟说投资_2026年千万别去HK买保险！小心这2个坑让你x本无归_20260426_185932.md,output_md/什么是香港保险/260426_伟伟说投资_2026年千万别去HK买保险！小心这2个坑让你x本无归_185932.md,可改名
ready,output_md/什么是香港保险/伟伟说投资_坦白局：为什么大部分人都不适合买G险？_20260427_155909.md,output_md/什么是香港保险/260427_伟伟说投资_坦白局：为什么大部分人都不适合买G险？_155909.md,可改名
ready,output_md/什么是香港保险/伟伟说投资_复利6.5%也别乱买，揭秘香港分红险，曝光背后真相！_20260427_155908.md,output_md/什么是香港保险/260427_伟伟说投资_复利6.5%也别乱买，揭秘香港分红险，曝光背后真相！_155908.md,可改名
ready,output_md/什么是香港保险/伟伟说投资_有钱人飞香港买保险，是为了6.5%的高收益吗？！_20260427_155912.md,output_md/什么是香港保险/260427_伟伟说投资_有钱人飞香港买保险，是为了6.5%的高收益吗？！_155912.md,可改名
ready,output_md/什么是香港保险/伟伟说投资_这种“卡卡响”的声音，才是香港分红险隐藏的价值_20260427_155907.md,output_md/什么是香港保险/260427_伟伟说投资_这种“卡卡响”的声音，才是香港分红险隐藏的价值_155907.md,可改名
skip_fixed,output_md/什么是香港保险/别再零碎学港险：5万字系统搞懂香港储蓄险-字幕.md,output_md/什么是香港保险/别再零碎学港险：5万字系统搞懂香港储蓄险-字幕.md,固定文件或非文章文件
ready,output_md/什么是香港保险/多财Global_承诺保本的香港储蓄险，为什么会亏钱？4大风险点请注意_20260503_162145.md,output_md/什么是香港保险/260503_多财Global_承诺保本的香港储蓄险，为什么会亏钱？4大风险点请注意_162145.md,可改名
ready,output_md/什么是香港保险/多财Global_重磅｜3 月 31 日港险 GN16 + 指引 34 新规落..._20260427_155848.md,output_md/什么是香港保险/260427_多财Global_重磅｜3 月 31 日港险 GN16 + 指引 34 新规落..._155848.md,可改名
ready,output_md/什么是香港保险/多财Global_香港储蓄险，选择美元保单还是人民币保单？_20260426_185902.md,output_md/什么是香港保险/260426_多财Global_香港储蓄险，选择美元保单还是人民币保单？_185902.md,可改名
ready,output_md/什么是香港保险/崔伟说投资_32 万亿存款到期！180年零破产，香港保险成2026财富避..._20260426_185920.md,output_md/什么是香港保险/260426_崔伟说投资_32 万亿存款到期！180年零破产，香港保险成2026财富避..._185920.md,可改名
ready,output_md/什么是香港保险/崔伟说投资_3309亿！同比飙升51%！2025香港保险全年最强收官_20260426_185917.md,output_md/什么是香港保险/260426_崔伟说投资_3309亿！同比飙升51%！2025香港保险全年最强收官_185917.md,可改名
ready,output_md/什么是香港保险/崔伟说投资_【港险百科】2026香港保险100问全解_20260503_162149.md,output_md/什么是香港保险/260503_崔伟说投资_【港险百科】2026香港保险100问全解_162149.md,可改名
ready,output_md/什么是香港保险/崔伟说投资_终结“定义乱象”！香港重疾险迎来统一标准，9月1日起实施！_20260503_162139.md,output_md/什么是香港保险/260503_崔伟说投资_终结“定义乱象”！香港重疾险迎来统一标准，9月1日起实施！_162139.md,可改名
ready,"output_md/什么是香港保险/有态度的精蒜湿_3,309亿港元背后，谁在为香港保险买单？_20260427_155904.md","output_md/什么是香港保险/260427_有态度的精蒜湿_3,309亿港元背后，谁在为香港保险买单？_155904.md",可改名
ready,output_md/什么是香港保险/有态度的精蒜湿_我们拆解了100个港险底层黑盒，写成这本“避坑指南”_20260427_155905.md,output_md/什么是香港保险/260427_有态度的精蒜湿_我们拆解了100个港险底层黑盒，写成这本“避坑指南”_155905.md,可改名
ready,output_md/什么是香港保险/木木小财女_2026开年，内地大佬组团“扫货”！香港保险，变天了？_20260426_185835.md,output_md/什么是香港保险/260426_木木小财女_2026开年，内地大佬组团“扫货”！香港保险，变天了？_185835.md,可改名
ready,output_md/什么是香港保险/港险圈研究院_error_report_20260426_185928.md,output_md/什么是香港保险/260426_港险圈研究院_error_report_185928.md,可改名
ready,output_md/什么是香港保险/港险圈研究院_error_report_20260427_155902.md,output_md/什么是香港保险/260427_港险圈研究院_error_report_155902.md,可改名
ready,output_md/什么是香港保险/港险圈研究院_定了！新版GN16与指引34即将正式生效，“重塑”香港保险！_20260426_185925.md,output_md/什么是香港保险/260426_港险圈研究院_定了！新版GN16与指引34即将正式生效，“重塑”香港保险！_185925.md,可改名
ready,output_md/什么是香港保险/港险圈研究院_慌了！全球资本大迁徙，中东、欧美集体用脚投票，香港到底赢在哪..._20260426_185927.md,output_md/什么是香港保险/260426_港险圈研究院_慌了！全球资本大迁徙，中东、欧美集体用脚投票，香港到底赢在哪..._185927.md,可改名
ready,output_md/什么是香港保险/港险圈研究院_收藏！AXA安盛网页版+APP详细教程：保单查询、缴费、理赔..._20260426_185930.md,output_md/什么是香港保险/260426_港险圈研究院_收藏！AXA安盛网页版+APP详细教程：保单查询、缴费、理赔..._185930.md,可改名
ready,output_md/什么是香港保险/港险圈研究院_离婚分不到、欠债追不回？深扒香港保单背后的“隐私 buff”_20260426_183346.md,output_md/什么是香港保险/260426_港险圈研究院_离婚分不到、欠债追不回？深扒香港保单背后的“隐私 buff”_183346.md,可改名
ready,output_md/什么是香港保险/港险圈研究院_老人买港险不用折腾！3步搞定“不赴港投保”，还能稳稳传给3岁..._20260426_185922.md,output_md/什么是香港保险/260426_港险圈研究院_老人买港险不用折腾！3步搞定“不赴港投保”，还能稳稳传给3岁..._185922.md,可改名
ready,output_md/什么是香港保险/港险宝宝PRO_3309亿！同比爆增50.6%！2025香港保险全年数据公布..._20260427_155842.md,output_md/什么是香港保险/260427_港险宝宝PRO_3309亿！同比爆增50.6%！2025香港保险全年数据公布..._155842.md,可改名
ready,output_md/什么是香港保险/港险宝宝PRO_为何保证回报是“奢侈品”？这份昂贵的成本，谁在替客户买单？_20260426_185844.md,output_md/什么是香港保险/260426_港险宝宝PRO_为何保证回报是“奢侈品”？这份昂贵的成本，谁在替客户买单？_185844.md,可改名
ready,output_md/什么是香港保险/港险宝宝PRO_全球金融中心，香港稳居第三！保险业霸榜全球第一！_20260427_155845.md,output_md/什么是香港保险/260427_港险宝宝PRO_全球金融中心，香港稳居第三！保险业霸榜全球第一！_155845.md,可改名
ready,output_md/什么是香港保险/港险宝宝PRO_官宣：支持香港保司深圳设公司！利好跨境理赔、资金结算等！_20260426_185841.md,output_md/什么是香港保险/260426_港险宝宝PRO_官宣：支持香港保司深圳设公司！利好跨境理赔、资金结算等！_185841.md,可改名
ready,output_md/什么是香港保险/港险宝宝PRO_尖沙咀何姓保险经纪CEO被抓，保单涉案经纪签署如何自救？_20260426_185839.md,output_md/什么是香港保险/260426_港险宝宝PRO_尖沙咀何姓保险经纪CEO被抓，保单涉案经纪签署如何自救？_185839.md,可改名
ready,output_md/什么是香港保险/港险宝宝PRO_港险重大利好：非常居内地人士可不用亲身到港投保！_20260427_155847.md,output_md/什么是香港保险/260427_港险宝宝PRO_港险重大利好：非常居内地人士可不用亲身到港投保！_155847.md,可改名
ready,output_md/什么是香港保险/港险宝宝PRO_香港保险GN16新规3月31日正式生效，监管“紧箍咒” 再升..._20260426_185843.md,output_md/什么是香港保险/260426_港险宝宝PRO_香港保险GN16新规3月31日正式生效，监管“紧箍咒” 再升..._185843.md,可改名
ready,output_md/什么是香港保险/港险渠道_2026.03.09香港保险今日要闻｜监管落地、新品上线、市..._20260426_185912.md,output_md/什么是香港保险/260426_港险渠道_2026.03.09香港保险今日要闻｜监管落地、新品上线、市..._185912.md,可改名
ready,output_md/什么是香港保险/港险渠道_2026年4月下旬香港保险市场动态：监管深化、新品连发、优惠..._20260503_162146.md,output_md/什么是香港保险/260503_港险渠道_2026年4月下旬香港保险市场动态：监管深化、新品连发、优惠..._162146.md,可改名
ready,output_md/什么是香港保险/港险渠道_2026香港保险：数据爆增+监管定调，现在配置正当时｜高才_..._20260426_185913.md,output_md/什么是香港保险/260426_港险渠道_2026香港保险：数据爆增+监管定调，现在配置正当时｜高才_..._185913.md,可改名
ready,output_md/什么是香港保险/港险渠道_惊天数据曝光！香港保险经纪人淘汰率超65%！选对人，才是保单..._20260426_185908.md,output_md/什么是香港保险/260426_港险渠道_惊天数据曝光！香港保险经纪人淘汰率超65%！选对人，才是保单..._185908.md,可改名
ready,output_md/什么是香港保险/港险渠道_深港保险互联互通！GN16新规+末班车双重红利，错过等十年！_20260426_185905.md,output_md/什么是香港保险/260426_港险渠道_深港保险互联互通！GN16新规+末班车双重红利，错过等十年！_185905.md,可改名
ready,output_md/什么是香港保险/港险渠道_港险“末班车”效应引爆市场！新规落地后，2026年香港保险市..._20260426_185907.md,output_md/什么是香港保险/260426_港险渠道_港险“末班车”效应引爆市场！新规落地后，2026年香港保险市..._185907.md,可改名
ready,output_md/什么是香港保险/港险渠道_香港保险巨震！GN16+指引34正式落地，分红储蓄险“裸泳时..._20260426_185910.md,output_md/什么是香港保险/260426_港险渠道_香港保险巨震！GN16+指引34正式落地，分红储蓄险“裸泳时..._185910.md,可改名
ready,output_md/什么是香港保险/港险渠道_香港保险投保三大渠道怎么选？90%高净值客户都选IFA_20260426_185914.md,output_md/什么是香港保险/260426_港险渠道_香港保险投保三大渠道怎么选？90%高净值客户都选IFA_185914.md,可改名
ready,output_md/什么是香港保险/港险渠道_香港保险：利率传闻6.5%调到6.0%_20260426_185904.md,output_md/什么是香港保险/260426_港险渠道_香港保险：利率传闻6.5%调到6.0%_185904.md,可改名
ready,output_md/什么是香港保险/港险渠道_香港储蓄险6.5%年化：不是赌收益，是四大制度壁垒在撑腰_20260426_185916.md,output_md/什么是香港保险/260426_港险渠道_香港储蓄险6.5%年化：不是赌收益，是四大制度壁垒在撑腰_185916.md,可改名
ready,output_md/什么是香港保险/特别分子Mark_3亿美元天价保单？IUL到底是个什么玩意儿？_20260426_185837.md,output_md/什么是香港保险/260426_特别分子Mark_3亿美元天价保单？IUL到底是个什么玩意儿？_185837.md,可改名
ready,output_md/什么是香港保险/蓝星探险_2026赴港投保全流程，看这一篇就够了！_20260426_185854.md,output_md/什么是香港保险/260426_蓝星探险_2026赴港投保全流程，看这一篇就够了！_185854.md,可改名
ready,output_md/什么是香港保险/蓝星探险_3309亿！同比飙升51%！2025香港保险数据爆了_20260503_162140.md,output_md/什么是香港保险/260503_蓝星探险_3309亿！同比飙升51%！2025香港保险数据爆了_162140.md,可改名
ready,output_md/什么是香港保险/蓝星探险_买香港保险，投保人，被保人，受益人，一定不能写错！_20260503_162144.md,output_md/什么是香港保险/260503_蓝星探险_买香港保险，投保人，被保人，受益人，一定不能写错！_162144.md,可改名
ready,output_md/什么是香港保险/蓝星探险_年化单利14%，香港融资保单是骗局吗？_20260426_185845.md,output_md/什么是香港保险/260426_蓝星探险_年化单利14%，香港融资保单是骗局吗？_185845.md,可改名
ready,output_md/什么是香港保险/蓝星探险_极端危机下，银行和保险哪个更靠谱？_20260426_185851.md,output_md/什么是香港保险/260426_蓝星探险_极端危机下，银行和保险哪个更靠谱？_185851.md,可改名
ready,output_md/什么是香港保险/蓝星探险_深圳官宣!香港保司能在深设立分公司!买港险更无后顾之忧！_20260426_185852.md,output_md/什么是香港保险/260426_蓝星探险_深圳官宣!香港保司能在深设立分公司!买港险更无后顾之忧！_185852.md,可改名
ready,output_md/什么是香港保险/蓝星探险_现在买香港保险，选人民币保单还是美元保单？_20260426_185856.md,output_md/什么是香港保险/260426_蓝星探险_现在买香港保险，选人民币保单还是美元保单？_185856.md,可改名
ready,output_md/什么是香港保险/蓝星探险_第一批香港保险公司公布2025年分红实现率，成绩如何？_20260426_185849.md,output_md/什么是香港保险/260426_蓝星探险_第一批香港保险公司公布2025年分红实现率，成绩如何？_185849.md,可改名
ready,output_md/什么是香港保险/蓝星探险_美式分红vs英式分红，销售不会告诉你的底层逻辑_20260426_185850.md,output_md/什么是香港保险/260426_蓝星探险_美式分红vs英式分红，销售不会告诉你的底层逻辑_185850.md,可改名
ready,output_md/什么是香港保险/蓝星探险_香港保险值得买吗？回答这三个灵魂拷问！_20260426_185859.md,output_md/什么是香港保险/260426_蓝星探险_香港保险值得买吗？回答这三个灵魂拷问！_185859.md,可改名
ready,output_md/什么是香港保险/蓝星探险_香港保险，根本不是保险_20260503_162142.md,output_md/什么是香港保险/260503_蓝星探险_香港保险，根本不是保险_162142.md,可改名
ready,output_md/什么是香港保险/蓝星探险_高保证和高分红的港险，究竟怎么选？_20260426_185858.md,output_md/什么是香港保险/260426_蓝星探险_高保证和高分红的港险，究竟怎么选？_185858.md,可改名
ready,output_md/什么是香港保险/长城港险_别等身后争产撕破脸！宗庆后、大 S 的案例，暴露了传承的 3..._20260426_183345.md,output_md/什么是香港保险/260426_长城港险_别等身后争产撕破脸！宗庆后、大 S 的案例，暴露了传承的 3..._183345.md,可改名
ready,output_md/什么是香港保险/长城港险_政策解读｜香港保险内地访客新定义，谁受益？谁不变？_20260427_155900.md,output_md/什么是香港保险/260427_长城港险_政策解读｜香港保险内地访客新定义，谁受益？谁不变？_155900.md,可改名
ready,output_md/什么是香港保险/香港保险行业资讯_2025年，买香港保险保费3309亿港元_20260427_155850.md,output_md/什么是香港保险/260427_香港保险行业资讯_2025年，买香港保险保费3309亿港元_155850.md,可改名
ready,output_md/什么是香港保险/香港保险行业资讯_2025年，内地居民买澳门保险31.3亿澳门币_20260426_185921.md,output_md/什么是香港保险/260426_香港保险行业资讯_2025年，内地居民买澳门保险31.3亿澳门币_185921.md,可改名
ready,output_md/什么是香港保险/香港保险行业资讯_2026年，香港重疾险第几年退保能拿回本金？_20260503_162150.md,output_md/什么是香港保险/260503_香港保险行业资讯_2026年，香港重疾险第几年退保能拿回本金？_162150.md,可改名
ready,output_md/什么是香港保险/香港保险行业资讯_​香港万通保险公司APP，更改受益人流程_20260427_155852.md,output_md/什么是香港保险/260427_香港保险行业资讯_​香港万通保险公司APP，更改受益人流程_155852.md,可改名
ready,output_md/什么是香港保险/香港保险行业资讯_父母给未成年孩子买保险，父母身故保单怎么处理？_20260427_155859.md,output_md/什么是香港保险/260427_香港保险行业资讯_父母给未成年孩子买保险，父母身故保单怎么处理？_155859.md,可改名
ready,output_md/什么是香港保险/香港保险行业资讯_香港保诚保险公司APP，更改受益人流程_20260426_183340.md,output_md/什么是香港保险/260426_香港保险行业资讯_香港保诚保险公司APP，更改受益人流程_183340.md,可改名
ready,output_md/什么是香港保险/香港保险行业资讯_香港保险的监管机构_20260427_155857.md,output_md/什么是香港保险/260427_香港保险行业资讯_香港保险的监管机构_155857.md,可改名
ready,output_md/什么是香港保险/香港保险行业资讯_香港友邦保险公司APP，更改受益人流程_20260427_155854.md,output_md/什么是香港保险/260427_香港保险行业资讯_香港友邦保险公司APP，更改受益人流程_155854.md,可改名
ready,output_md/什么是香港保险/香港保险行业资讯_香港宏利保险公司APP，更改受益人流程_20260426_183343.md,output_md/什么是香港保险/260426_香港保险行业资讯_香港宏利保险公司APP，更改受益人流程_183343.md,可改名
ready,output_md/什么是香港保险/香港保险行业资讯_香港富卫保险公司，理赔文件的退回安排_20260427_155855.md,output_md/什么是香港保险/260427_香港保险行业资讯_香港富卫保险公司，理赔文件的退回安排_155855.md,可改名
ready,output_md/保司盘点/伟伟说投资_中银人寿突然宣布，5%预期储蓄政策_20260427_155951.md,output_md/保司盘点/260427_伟伟说投资_中银人寿突然宣布，5%预期储蓄政策_155951.md,可改名
ready,output_md/保司盘点/伟伟说投资_为什么90%的人，第一份保单都选友邦？_20260427_155955.md,output_md/保司盘点/260427_伟伟说投资_为什么90%的人，第一份保单都选友邦？_155955.md,可改名
ready,output_md/保司盘点/伟伟说投资_国寿出手了，交完钱就能领，每年能领8万多_20260427_155953.md,output_md/保司盘点/260427_伟伟说投资_国寿出手了，交完钱就能领，每年能领8万多_155953.md,可改名
ready,output_md/保司盘点/好险有肥虫_为什么安盛的预缴利息给少了_20260427_155950.md,output_md/保司盘点/260427_好险有肥虫_为什么安盛的预缴利息给少了_155950.md,可改名
ready,output_md/保司盘点/小冯妮儿聊港险_F记新总部落地：用真金白银，给你几十年的安心承诺！_20260427_155947.md,output_md/保司盘点/260427_小冯妮儿聊港险_F记新总部落地：用真金白银，给你几十年的安心承诺！_155947.md,可改名
ready,output_md/保司盘点/崔伟说投资_116%！太B香港分红实现率抢先看，3.8万亿资管规模，为高..._20260503_162201.md,output_md/保司盘点/260503_崔伟说投资_116%！太B香港分红实现率抢先看，3.8万亿资管规模，为高..._162201.md,可改名
ready,output_md/保司盘点/崔伟说投资_24年前买的香港保单 IRR竟达8.6%，翻了7倍，保诚20..._20260426_190156.md,output_md/保司盘点/260426_崔伟说投资_24年前买的香港保单 IRR竟达8.6%，翻了7倍，保诚20..._190156.md,可改名
ready,"output_md/保司盘点/崔伟说投资_4,599亿！宏利2025总资产突破万亿大关，香港市场功不可..._20260427_155933.md","output_md/保司盘点/260427_崔伟说投资_4,599亿！宏利2025总资产突破万亿大关，香港市场功不可..._155933.md",可改名
ready,output_md/保司盘点/崔伟说投资_保诚2025年财报亮眼，王牌产品持续引领市场_20260427_155934.md,output_md/保司盘点/260427_崔伟说投资_保诚2025年财报亮眼，王牌产品持续引领市场_155934.md,可改名
ready,output_md/保司盘点/崔伟说投资_全球金融实力新标杆！AXA安盛标普评级正式荣升「AA」级 ！_20260426_190139.md,output_md/保司盘点/260426_崔伟说投资_全球金融实力新标杆！AXA安盛标普评级正式荣升「AA」级 ！_190139.md,可改名
ready,output_md/保司盘点/崔伟说投资_最快10分钟，理赔金即时到账！香港保诚2025理赔数据出炉，..._20260426_190154.md,output_md/保司盘点/260426_崔伟说投资_最快10分钟，理赔金即时到账！香港保诚2025理赔数据出炉，..._190154.md,可改名
ready,output_md/保司盘点/港险圈研究院_29年翻4.3倍，年报揭秘：香港保险公司如何穿越金融风暴_20260426_190201.md,output_md/保司盘点/260426_港险圈研究院_29年翻4.3倍，年报揭秘：香港保险公司如何穿越金融风暴_190201.md,可改名
ready,output_md/保司盘点/港险圈研究院_万通2025分红实现率出炉：99%达成率，稳得一批！_20260503_162208.md,output_md/保司盘点/260503_港险圈研究院_万通2025分红实现率出炉：99%达成率，稳得一批！_162208.md,可改名
ready,output_md/保司盘点/港险圈研究院_上市后首度揭秘：富卫怎么管好你的每一分钱？_20260427_155948.md,output_md/保司盘点/260427_港险圈研究院_上市后首度揭秘：富卫怎么管好你的每一分钱？_155948.md,可改名
ready,output_md/保司盘点/港险圈研究院_拆解宏利2025年成绩单和投资版图：百年老店的底气，根源在这..._20260426_190203.md,output_md/保司盘点/260426_港险圈研究院_拆解宏利2025年成绩单和投资版图：百年老店的底气，根源在这..._190203.md,可改名
ready,output_md/保司盘点/港险圈研究院_确定性为王，F记如何在波动时代给出长期承诺？_20260426_183334.md,output_md/保司盘点/260426_港险圈研究院_确定性为王，F记如何在波动时代给出长期承诺？_183334.md,可改名
ready,output_md/保司盘点/港险圈研究院_香港友邦值得买吗？一文拆解历史、投资风格、分红表现及综合实力..._20260426_190205.md,output_md/保司盘点/260426_港险圈研究院_香港友邦值得买吗？一文拆解历史、投资风格、分红表现及综合实力..._190205.md,可改名
ready,output_md/保司盘点/港险宝宝PRO_600多万港币，一张保诚3月理赔支票发出！_20260427_155932.md,output_md/保司盘点/260427_港险宝宝PRO_600多万港币，一张保诚3月理赔支票发出！_155932.md,可改名
ready,output_md/保司盘点/港险宝宝PRO_AXA安盛修订高风险名单，给自己和投保人上了一把“双重安全锁..._20260426_190140.md,output_md/保司盘点/260426_港险宝宝PRO_AXA安盛修订高风险名单，给自己和投保人上了一把“双重安全锁..._190140.md,可改名
ready,output_md/保司盘点/港险宝宝PRO_AXA安盛成绩斐然，继续领先，这意味着客户能获得怎样的保障？_20260426_190142.md,output_md/保司盘点/260426_港险宝宝PRO_AXA安盛成绩斐然，继续领先，这意味着客户能获得怎样的保障？_190142.md,可改名
ready,output_md/保司盘点/港险宝宝PRO_万通保险2025核心业务翻倍，千亿资产只是起点！2026 继..._20260426_190136.md,output_md/保司盘点/260426_港险宝宝PRO_万通保险2025核心业务翻倍，千亿资产只是起点！2026 继..._190136.md,可改名
ready,output_md/保司盘点/港险宝宝PRO_她的歌声里，有你的故事， 你的未来里，有Sun Life永M_20260426_190141.md,output_md/保司盘点/260426_港险宝宝PRO_她的歌声里，有你的故事， 你的未来里，有Sun Life永M_190141.md,可改名
ready,output_md/保司盘点/蓝星探险_2025年大幅盈利！保诚翻身了？_20260426_190149.md,output_md/保司盘点/260426_蓝星探险_2025年大幅盈利！保诚翻身了？_190149.md,可改名
ready,output_md/保司盘点/蓝星探险_友邦2025年成绩单出炉，背后隐藏四大核心要点！_20260503_162159.md,output_md/保司盘点/260503_蓝星探险_友邦2025年成绩单出炉，背后隐藏四大核心要点！_162159.md,可改名
ready,output_md/保司盘点/蓝星探险_友邦、保诚、宏利、安盛香港4大保司评分，谁最高？_20260426_190151.md,output_md/保司盘点/260426_蓝星探险_友邦、保诚、宏利、安盛香港4大保司评分，谁最高？_190151.md,可改名
ready,output_md/保司盘点/蓝星探险_周大福2025分红实现率出炉，一片100%背后，有个重大隐忧_20260426_190144.md,output_md/保司盘点/260426_蓝星探险_周大福2025分红实现率出炉，一片100%背后，有个重大隐忧_190144.md,可改名
ready,output_md/保司盘点/蓝星探险_国寿，太平、太平洋、中银，香港4大中资保司评分，谁最高？_20260426_190147.md,output_md/保司盘点/260426_蓝星探险_国寿，太平、太平洋、中银，香港4大中资保司评分，谁最高？_190147.md,可改名
ready,output_md/保司盘点/蓝星探险_平均值99.09%！万通2025年分红实现率封神港险界的隐形..._20260503_162157.md,output_md/保司盘点/260503_蓝星探险_平均值99.09%！万通2025年分红实现率封神港险界的隐形..._162157.md,可改名
ready,output_md/保司盘点/蓝星探险_香港隐藏宝藏公司，连续九年分红实现率全部100%！_20260426_190146.md,output_md/保司盘点/260426_蓝星探险_香港隐藏宝藏公司，连续九年分红实现率全部100%！_190146.md,可改名
ready,output_md/保司盘点/长城港险_2026 _ 周大福人寿分红实现率与总现金价值比率全解析_20260503_162206.md,output_md/保司盘点/260503_长城港险_2026 _ 周大福人寿分红实现率与总现金价值比率全解析_162206.md,可改名
ready,output_md/保司盘点/长城港险_港险界老钱，苏黎世。_20260427_155945.md,output_md/保司盘点/260427_长城港险_港险界老钱，苏黎世。_155945.md,可改名
ready,output_md/保司盘点/香港保险行业资讯_2001年—2025年，香港31家保险公司每年投保保费_20260426_190157.md,output_md/保司盘点/260426_香港保险行业资讯_2001年—2025年，香港31家保险公司每年投保保费_190157.md,可改名
ready,output_md/保司盘点/香港保险行业资讯_2025年，香港31家保险公司保费排名_20260427_155936.md,output_md/保司盘点/260427_香港保险行业资讯_2025年，香港31家保险公司保费排名_155936.md,可改名
ready,output_md/保司盘点/香港保险行业资讯_香港万通保险公司，2025年分红实现率_20260503_162203.md,output_md/保司盘点/260503_香港保险行业资讯_香港万通保险公司，2025年分红实现率_162203.md,可改名
ready,output_md/保司盘点/香港保险行业资讯_香港万通保险公司，2025年（总额）分红实现率_20260503_162204.md,output_md/保司盘点/260503_香港保险行业资讯_香港万通保险公司，2025年（总额）分红实现率_162204.md,可改名
ready,output_md/保司盘点/香港保险行业资讯_香港中银人寿保险公司，2025年理赔报告_20260426_183331.md,output_md/保司盘点/260426_香港保险行业资讯_香港中银人寿保险公司，2025年理赔报告_183331.md,可改名
ready,output_md/保司盘点/香港保险行业资讯_香港保诚保险公司，2025年理赔报告_20260426_183329.md,output_md/保司盘点/260426_香港保险行业资讯_香港保诚保险公司，2025年理赔报告_183329.md,可改名
ready,output_md/保司盘点/香港保险行业资讯_香港周大福保险公司，2025年分红实现率_20260427_155940.md,output_md/保司盘点/260427_香港保险行业资讯_香港周大福保险公司，2025年分红实现率_155940.md,可改名
ready,output_md/保司盘点/香港保险行业资讯_香港周大福保险公司，2025年（总额）分红实现率_20260427_155938.md,output_md/保司盘点/260427_香港保险行业资讯_香港周大福保险公司，2025年（总额）分红实现率_155938.md,可改名
ready,output_md/保司盘点/香港保险行业资讯_香港太平洋保险公司，2025年分红实现率_20260426_190200.md,output_md/保司盘点/260426_香港保险行业资讯_香港太平洋保险公司，2025年分红实现率_190200.md,可改名
ready,output_md/保司盘点/香港保险行业资讯_香港安达保险公司，2025年分红实现率_20260427_155942.md,output_md/保司盘点/260427_香港保险行业资讯_香港安达保险公司，2025年分红实现率_155942.md,可改名
ready,output_md/保司盘点/香港保险行业资讯_香港富卫保险公司，2025年理赔报告_20260426_183330.md,output_md/保司盘点/260426_香港保险行业资讯_香港富卫保险公司，2025年理赔报告_183330.md,可改名
ready,output_md/保司盘点/香港保险行业资讯_香港富邦保险公司，2025年分红实现率_20260427_155944.md,output_md/保司盘点/260427_香港保险行业资讯_香港富邦保险公司，2025年分红实现率_155944.md,可改名
ready,output_md/保司盘点/香港保险行业资讯_香港忠意保险公司，2025年分红实现率_20260426_190158.md,output_md/保司盘点/260426_香港保险行业资讯_香港忠意保险公司，2025年分红实现率_190158.md,可改名
ready,output_md/保司盘点/香港保险行业资讯_香港泰禾人寿保险公司，2024年分红实现率_20260503_162201.md,output_md/保司盘点/260503_香港保险行业资讯_香港泰禾人寿保险公司，2024年分红实现率_162201.md,可改名
skip_already_new,output_md/其他/260408_有态度的精蒜湿_耗时3月，这份2026资产配置白皮书，终于和大家见面了_185233_20260503_212853.md,output_md/其他/260408_有态度的精蒜湿_耗时3月，这份2026资产配置白皮书，终于和大家见面了_185233_20260503_212853.md,已经是目标格式
ready,output_md/其他/有态度的精蒜湿_真不觉得，账户一年涨了300多万~_20260427_155930.md,output_md/其他/260427_有态度的精蒜湿_真不觉得，账户一年涨了300多万~_155930.md,可改名
ready,output_md/其他/港险优选专家_1.25% 时代来了！内地分红险预定利率再降，保底收益被港险..._20260426_185557.md,output_md/其他/260426_港险优选专家_1.25% 时代来了！内地分红险预定利率再降，保底收益被港险..._185557.md,可改名
ready,output_md/其他/港险优选专家_150亿保费神话，保诚「信守明天」爆单的底层逻辑是什么？哪些..._20260426_185550.md,output_md/其他/260426_港险优选专家_150亿保费神话，保诚「信守明天」爆单的底层逻辑是什么？哪些..._185550.md,可改名
ready,output_md/其他/港险优选专家_15年IRR６%，苏黎世「瑞盈」新品重磅登场，港险中短期收益..._20260426_185513.md,output_md/其他/260426_港险优选专家_15年IRR６%，苏黎世「瑞盈」新品重磅登场，港险中短期收益..._185513.md,可改名
ready,output_md/其他/港险优选专家_2026年3月香港保险优惠汇总丨主流保司预缴优惠+保费回赠延..._20260427_155756.md,output_md/其他/260427_港险优选专家_2026年3月香港保险优惠汇总丨主流保司预缴优惠+保费回赠延..._155756.md,可改名
ready,output_md/其他/港险优选专家_2026年港险开门红：Blue「Go息宝3」逆势加息！3年保..._20260426_185526.md,output_md/其他/260426_港险优选专家_2026年港险开门红：Blue「Go息宝3」逆势加息！3年保..._185526.md,可改名
ready,output_md/其他/港险优选专家_2026最新香港储蓄险推荐榜单：哪些产品值得重点关注？三大维..._20260426_185602.md,output_md/其他/260426_港险优选专家_2026最新香港储蓄险推荐榜单：哪些产品值得重点关注？三大维..._185602.md,可改名
ready,output_md/其他/港险优选专家_2026最新香港储蓄险榜单 头部保司旗舰产品PK，谁是收益王..._20260426_185535.md,output_md/其他/260426_港险优选专家_2026最新香港储蓄险榜单 头部保司旗舰产品PK，谁是收益王..._185535.md,可改名
ready,output_md/其他/港险优选专家_2026香港保险怎么买？3个指标+3步走，港险避坑指南请收好..._20260426_185431.md,output_md/其他/260426_港险优选专家_2026香港保险怎么买？3个指标+3步走，港险避坑指南请收好..._185431.md,可改名
ready,output_md/其他/港险优选专家_20年翻3倍+高端养老社区，太保「金如意」为何成为2026退..._20260426_185546.md,output_md/其他/260426_港险优选专家_20年翻3倍+高端养老社区，太保「金如意」为何成为2026退..._185546.md,可改名
ready,output_md/其他/港险优选专家_25万存银行VS储蓄险，10年后差距太惊人了！选错=少赚20..._20260426_144436.md,output_md/其他/260426_港险优选专家_25万存银行VS储蓄险，10年后差距太惊人了！选错=少赚20..._144436.md,可改名
ready,output_md/其他/港险优选专家_2款中短期高收益小众港险推荐，10年复利4.45%，取代大额..._20260426_185607.md,output_md/其他/260426_港险优选专家_2款中短期高收益小众港险推荐，10年复利4.45%，取代大额..._185607.md,可改名
ready,output_md/其他/港险优选专家_30_40_50岁大厂人必看！200万躺平计划，香港保险如何..._20260426_185506.md,output_md/其他/260426_港险优选专家_30_40_50岁大厂人必看！200万躺平计划，香港保险如何..._185506.md,可改名
ready,output_md/其他/港险优选专家_3亿美元天价保单刷新吉尼斯纪录！揭秘买宏利 IUL 的顶级富..._20260426_185613.md,output_md/其他/260426_港险优选专家_3亿美元天价保单刷新吉尼斯纪录！揭秘买宏利 IUL 的顶级富..._185613.md,可改名
ready,output_md/其他/港险优选专家_3月爆单王：安盛「盛利2」多货币收益领跑，坐稳港险顶流宝座！_20260426_185527.md,output_md/其他/260426_港险优选专家_3月爆单王：安盛「盛利2」多货币收益领跑，坐稳港险顶流宝座！_185527.md,可改名
ready,output_md/其他/港险优选专家_4月香港保险榜单更新！港险大洗牌，谁才是真正的收益王者？_20260426_185429.md,output_md/其他/260426_港险优选专家_4月香港保险榜单更新！港险大洗牌，谁才是真正的收益王者？_185429.md,可改名
ready,output_md/其他/港险优选专家_4月香港保险高额优惠来袭！友邦回赠21%，宏利折扣31%，安..._20260426_185428.md,output_md/其他/260426_港险优选专家_4月香港保险高额优惠来袭！友邦回赠21%，宏利折扣31%，安..._185428.md,可改名
ready,output_md/其他/港险优选专家_5年交香港储蓄险大比拼：友邦_安盛_保诚_宏利，谁才是性价比..._20260426_185415.md,output_md/其他/260426_港险优选专家_5年交香港储蓄险大比拼：友邦_安盛_保诚_宏利，谁才是性价比..._185415.md,可改名
ready,output_md/其他/港险优选专家_5月香港储蓄险大洗牌，谁才是真正的收益王者？_20260503_162114.md,output_md/其他/260503_港险优选专家_5月香港储蓄险大洗牌，谁才是真正的收益王者？_162114.md,可改名
ready,output_md/其他/港险优选专家_5月香港储蓄险高额优惠来袭！友邦回赠21%，周大福折扣24%..._20260503_162113.md,output_md/其他/260503_港险优选专家_5月香港储蓄险高额优惠来袭！友邦回赠21%，周大福折扣24%..._162113.md,可改名
ready,output_md/其他/港险优选专家_万通「富饶万家」的稳定基因：30年登顶6.5%+12种年金转..._20260426_185450.md,output_md/其他/260426_港险优选专家_万通「富饶万家」的稳定基因：30年登顶6.5%+12种年金转..._185450.md,可改名
ready,output_md/其他/港险优选专家_中资港险--稳健之选：国寿_太平_太平洋，谁是养老王牌？_20260426_185500.md,output_md/其他/260426_港险优选专家_中资港险--稳健之选：国寿_太平_太平洋，谁是养老王牌？_185500.md,可改名
ready,output_md/其他/港险优选专家_买港险就像开盲盒？保诚潜力爆发，「信守明天」热卖80亿，稳坐..._20260426_185537.md,output_md/其他/260426_港险优选专家_买港险就像开盲盒？保诚潜力爆发，「信守明天」热卖80亿，稳坐..._185537.md,可改名
ready,output_md/其他/港险优选专家_买理财险，选内地还是香港？内地人买港险创新高，4款王牌储蓄险..._20260426_185508.md,output_md/其他/260426_港险优选专家_买理财险，选内地还是香港？内地人买港险创新高，4款王牌储蓄险..._185508.md,可改名
ready,output_md/其他/港险优选专家_买香港分红险别被 “实现率” 骗了！决定你拿多少钱的关键指标..._20260426_144437.md,output_md/其他/260426_港险优选专家_买香港分红险别被 “实现率” 骗了！决定你拿多少钱的关键指标..._144437.md,可改名
ready,output_md/其他/港险优选专家_人民币买港险首选国寿「傲珑盛世」，长期收益潜力比内地高 3 ..._20260426_185554.md,output_md/其他/260426_港险优选专家_人民币买港险首选国寿「傲珑盛世」，长期收益潜力比内地高 3 ..._185554.md,可改名
ready,output_md/其他/港险优选专家_人民币再次破7后，为何仍推荐配置美元资产？香港人民币保单这三..._20260426_185604.md,output_md/其他/260426_港险优选专家_人民币再次破7后，为何仍推荐配置美元资产？香港人民币保单这三..._185604.md,可改名
ready,output_md/其他/港险优选专家_全网吹爆的安盛盛利2两年缴费，一个致命短板竟然被忽略了！_20260426_144454.md,output_md/其他/260426_港险优选专家_全网吹爆的安盛盛利2两年缴费，一个致命短板竟然被忽略了！_144454.md,可改名
ready,output_md/其他/港险优选专家_分红险预定利率降至1.25%，别慌！还有保证收益3.5%的孤..._20260426_185413.md,output_md/其他/260426_港险优选专家_分红险预定利率降至1.25%，别慌！还有保证收益3.5%的孤..._185413.md,可改名
ready,output_md/其他/港险优选专家_别只看美元保单！2026年港险人民币保单新趋势：国寿、安盛、..._20260426_185559.md,output_md/其他/260426_港险优选专家_别只看美元保单！2026年港险人民币保单新趋势：国寿、安盛、..._185559.md,可改名
ready,output_md/其他/港险优选专家_友邦「环宇盈活」是内地人的资产配置优选，但这类人慎选！_20260426_185523.md,output_md/其他/260426_港险优选专家_友邦「环宇盈活」是内地人的资产配置优选，但这类人慎选！_185523.md,可改名
ready,output_md/其他/港险优选专家_周大福「匠心传承2」：凭“全能”实力守护人生每一步，新年投保..._20260426_185447.md,output_md/其他/260426_港险优选专家_周大福「匠心传承2」：凭“全能”实力守护人生每一步，新年投保..._185447.md,可改名
ready,output_md/其他/港险优选专家_周大福「匠心传承2」：收益+灵活+保障三冠王，保费折扣不变，..._20260426_185612.md,output_md/其他/260426_港险优选专家_周大福「匠心传承2」：收益+灵活+保障三冠王，保费折扣不变，..._185612.md,可改名
ready,output_md/其他/港险优选专家_周大福支持AlipayHK缴付保费了！「匠心传承2」领航港险..._20260426_185530.md,output_md/其他/260426_港险优选专家_周大福支持AlipayHK缴付保费了！「匠心传承2」领航港险..._185530.md,可改名
ready,output_md/其他/港险优选专家_周大福新品匠心飞越：4年回本+116提领+20年IRR6.5..._20260426_183305.md,output_md/其他/260426_港险优选专家_周大福新品匠心飞越：4年回本+116提领+20年IRR6.5..._183305.md,可改名
ready,output_md/其他/港险优选专家_回本快的香港储蓄险，怎么选更灵活？回本越快越好吗？_20260426_185556.md,output_md/其他/260426_港险优选专家_回本快的香港储蓄险，怎么选更灵活？回本越快越好吗？_185556.md,可改名
ready,output_md/其他/港险优选专家_国寿「傲珑盛世」：中资港险“稳健”首选！国家队背景+100%..._20260426_185524.md,output_md/其他/260426_港险优选专家_国寿「傲珑盛世」：中资港险“稳健”首选！国家队背景+100%..._185524.md,可改名
ready,output_md/其他/港险优选专家_地缘动荡+金融市场跳水，避险资金狂涌香港？香港保险才是安全底..._20260426_185504.md,output_md/其他/260426_港险优选专家_地缘动荡+金融市场跳水，避险资金狂涌香港？香港保险才是安全底..._185504.md,可改名
ready,output_md/其他/港险优选专家_多类资产暴雷频发，安全资产还能选哪些？香港保险底层资产透明，..._20260426_185520.md,output_md/其他/260426_港险优选专家_多类资产暴雷频发，安全资产还能选哪些？香港保险底层资产透明，..._185520.md,可改名
ready,output_md/其他/港险优选专家_大厂员工如何用200万实现终身现金流？附永明「星河尊享2」落..._20260426_185511.md,output_md/其他/260426_港险优选专家_大厂员工如何用200万实现终身现金流？附永明「星河尊享2」落..._185511.md,可改名
ready,output_md/其他/港险优选专家_太保「金如意」一张保单锁定“高收益+养老社区”双王牌，202..._20260426_185459.md,output_md/其他/260426_港险优选专家_太保「金如意」一张保单锁定“高收益+养老社区”双王牌，202..._185459.md,可改名
ready,output_md/其他/港险优选专家_太平VS太平洋，养老规划新思路：香港储蓄险+内地养老社区，双..._20260426_185532.md,output_md/其他/260426_港险优选专家_太平VS太平洋，养老规划新思路：香港储蓄险+内地养老社区，双..._185532.md,可改名
ready,output_md/其他/港险优选专家_太平「颐年乐享2」深度测评：央企出品，能住高端养老社区的港险..._20260426_185606.md,output_md/其他/260426_港险优选专家_太平「颐年乐享2」深度测评：央企出品，能住高端养老社区的港险..._185606.md,可改名
ready,output_md/其他/港险优选专家_存款市场大变天！存款超过50万的，一定要做好这三件事！_20260426_185417.md,output_md/其他/260426_港险优选专家_存款市场大变天！存款超过50万的，一定要做好这三件事！_185417.md,可改名
ready,output_md/其他/港险优选专家_安盛盛利2再放大招：5年回本+12%保证利息！到底要不要买？_20260426_185427.md,output_md/其他/260426_港险优选专家_安盛盛利2再放大招：5年回本+12%保证利息！到底要不要买？_185427.md,可改名
ready,output_md/其他/港险优选专家_宏利2025年报创纪录：「宏挚家传承」vs「宏挚传承」旗舰储..._20260426_185539.md,output_md/其他/260426_港险优选专家_宏利2025年报创纪录：「宏挚家传承」vs「宏挚传承」旗舰储..._185539.md,可改名
ready,output_md/其他/港险优选专家_宏利2025总资产突破万亿！双旗舰储蓄险「宏挚传承」vs「宏..._20260427_155754.md,output_md/其他/260427_港险优选专家_宏利2025总资产突破万亿！双旗舰储蓄险「宏挚传承」vs「宏..._155754.md,可改名
ready,output_md/其他/港险优选专家_宏利「宏挚传承」优缺点大盘点：中短期收益王者地位不变，值不值..._20260426_185444.md,output_md/其他/260426_港险优选专家_宏利「宏挚传承」优缺点大盘点：中短期收益王者地位不变，值不值..._185444.md,可改名
ready,output_md/其他/港险优选专家_富卫盈聚天下2升级归来，25年登顶6.5%，碾压保诚信守明天..._20260426_185425.md,output_md/其他/260426_港险优选专家_富卫盈聚天下2升级归来，25年登顶6.5%，碾压保诚信守明天..._185425.md,可改名
ready,output_md/其他/港险优选专家_富卫盈聚天下2简直逆天了！预期IRR超7%！投保优惠高达58..._20260426_144448.md,output_md/其他/260426_港险优选专家_富卫盈聚天下2简直逆天了！预期IRR超7%！投保优惠高达58..._144448.md,可改名
ready,output_md/其他/港险优选专家_小白第一份港险为什么首选友邦环宇盈活？附新手赴港投保全流程！_20260426_144445.md,output_md/其他/260426_港险优选专家_小白第一份港险为什么首选友邦环宇盈活？附新手赴港投保全流程！_144445.md,可改名
ready,output_md/其他/港险优选专家_平安也开始卖海外分红险？没搞清楚这些“猫腻”就出手血亏！_20260427_155753.md,output_md/其他/260427_港险优选专家_平安也开始卖海外分红险？没搞清楚这些“猫腻”就出手血亏！_155753.md,可改名
ready,output_md/其他/港险优选专家_忠意「启航创富（卓越版）」：短期收益Top1的稳健派神器，定..._20260426_185436.md,output_md/其他/260426_港险优选专家_忠意「启航创富（卓越版）」：短期收益Top1的稳健派神器，定..._185436.md,可改名
ready,output_md/其他/港险优选专家_揭秘宏利「宏挚传承」：前20年收益第一，但这两大“猫腻”你必..._20260426_185542.md,output_md/其他/260426_港险优选专家_揭秘宏利「宏挚传承」：前20年收益第一，但这两大“猫腻”你必..._185542.md,可改名
ready,output_md/其他/港险优选专家_攒够175万，买一份香港储蓄险，每月领11000+，直接躺平..._20260426_144456.md,output_md/其他/260426_港险优选专家_攒够175万，买一份香港储蓄险，每月领11000+，直接躺平..._144456.md,可改名
ready,output_md/其他/港险优选专家_新手港险指南｜第一次去香港买储蓄险，首推友邦的产品（附投保全..._20260426_185434.md,output_md/其他/260426_港险优选专家_新手港险指南｜第一次去香港买储蓄险，首推友邦的产品（附投保全..._185434.md,可改名
ready,output_md/其他/港险优选专家_有钱人为什么都在买香港保险？3个理由，看完买港险避开90%的..._20260426_185418.md,output_md/其他/260426_港险优选专家_有钱人为什么都在买香港保险？3个理由，看完买港险避开90%的..._185418.md,可改名
ready,output_md/其他/港险优选专家_永明——最多富人选择的保险公司，「万年青星河尊享2」值不值得..._20260426_185518.md,output_md/其他/260426_港险优选专家_永明——最多富人选择的保险公司，「万年青星河尊享2」值不值得..._185518.md,可改名
ready,output_md/其他/港险优选专家_永明「万年青星河尊享2」一张保单搞定教育金+养老金，现金流规..._20260426_185515.md,output_md/其他/260426_港险优选专家_永明「万年青星河尊享2」一张保单搞定教育金+养老金，现金流规..._185515.md,可改名
ready,output_md/其他/港险优选专家_永明「星河尊享2」测评：高保底、高收益、高灵活性，三者兼得！_20260426_185448.md,output_md/其他/260426_港险优选专家_永明「星河尊享2」测评：高保底、高收益、高灵活性，三者兼得！_185448.md,可改名
ready,output_md/其他/港险优选专家_永明分红实现率“稳健”真相揭秘，「星河尊享2」提领封神，适合..._20260426_185432.md,output_md/其他/260426_港险优选专家_永明分红实现率“稳健”真相揭秘，「星河尊享2」提领封神，适合..._185432.md,可改名
ready,output_md/其他/港险优选专家_港险6.5%复利要说“再见”了？6.5%香港保险榜单请收藏！_20260426_144435.md,output_md/其他/260426_港险优选专家_港险6.5%复利要说“再见”了？6.5%香港保险榜单请收藏！_144435.md,可改名
ready,output_md/其他/港险优选专家_港险“杀疯了”！全年狂揽3309亿港元，暴涨50.6%，头部..._20260503_162117.md,output_md/其他/260503_港险优选专家_港险“杀疯了”！全年狂揽3309亿港元，暴涨50.6%，头部..._162117.md,可改名
ready,output_md/其他/港险优选专家_港险新王者周大福匠心飞越：4年回本+20年IRR6.5%+2..._20260426_144439.md,output_md/其他/260426_港险优选专家_港险新王者周大福匠心飞越：4年回本+20年IRR6.5%+2..._144439.md,可改名
ready,output_md/其他/港险优选专家_港险现金流规划终极PK！安盛_永明_周大福，三大提领王者谁是..._20260426_185502.md,output_md/其他/260426_港险优选专家_港险现金流规划终极PK！安盛_永明_周大福，三大提领王者谁是..._185502.md,可改名
ready,output_md/其他/港险优选专家_港险诚意之作：富卫「盈聚天下2」涨得猛、传得稳、还能短缴速领..._20260426_185455.md,output_md/其他/260426_港险优选专家_港险诚意之作：富卫「盈聚天下2」涨得猛、传得稳、还能短缴速领..._185455.md,可改名
ready,output_md/其他/港险优选专家_港险顶流对决：安盛「盛利2」vs永明「星河尊享2」，200万..._20260426_185442.md,output_md/其他/260426_港险优选专家_港险顶流对决：安盛「盛利2」vs永明「星河尊享2」，200万..._185442.md,可改名
ready,output_md/其他/港险优选专家_港险黑马藏硬伤？安盛「盛利2」优缺点大起底，不是人人都适合！_20260426_185445.md,output_md/其他/260426_港险优选专家_港险黑马藏硬伤？安盛「盛利2」优缺点大起底，不是人人都适合！_185445.md,可改名
ready,output_md/其他/港险优选专家_灵活提领：永明「星河尊享2」的终极杀手锏！怎么靠利息养老？_20260426_185534.md,output_md/其他/260426_港险优选专家_灵活提领：永明「星河尊享2」的终极杀手锏！怎么靠利息养老？_185534.md,可改名
ready,output_md/其他/港险优选专家_炸了！香港分红险预定利率即将下调？6.5%即将“消失”？_20260426_144442.md,output_md/其他/260426_港险优选专家_炸了！香港分红险预定利率即将下调？6.5%即将“消失”？_144442.md,可改名
ready,output_md/其他/港险优选专家_现金流永动机？安盛「盛利2」深度解析：越早规划，越早实现“领..._20260426_185453.md,output_md/其他/260426_港险优选专家_现金流永动机？安盛「盛利2」深度解析：越早规划，越早实现“领..._185453.md,可改名
ready,output_md/其他/港险优选专家_用年终奖、压岁钱稳健理财，首选香港储蓄险，教育+养老一步到位..._20260426_185601.md,output_md/其他/260426_港险优选专家_用年终奖、压岁钱稳健理财，首选香港储蓄险，教育+养老一步到位..._185601.md,可改名
ready,output_md/其他/港险优选专家_短缴速领之王！富卫「盈聚天下2」：25年冲刺6.5%，育儿养..._20260426_185609.md,output_md/其他/260426_港险优选专家_短缴速领之王！富卫「盈聚天下2」：25年冲刺6.5%，育儿养..._185609.md,可改名
ready,output_md/其他/港险优选专家_稳健港险代表——友邦「环宇盈活」：算一笔30年的账，长期收益..._20260426_185457.md,output_md/其他/260426_港险优选专家_稳健港险代表——友邦「环宇盈活」：算一笔30年的账，长期收益..._185457.md,可改名
ready,output_md/其他/港险优选专家_穆迪A3认证，万通Q3业绩强劲增长，「富饶万家」“真年金”再..._20260426_185551.md,output_md/其他/260426_港险优选专家_穆迪A3认证，万通Q3业绩强劲增长，「富饶万家」“真年金”再..._185551.md,可改名
ready,output_md/其他/港险优选专家_重磅！跨境保险通来了？港险四大红利直接兑现！_20260426_144441.md,output_md/其他/260426_港险优选专家_重磅！跨境保险通来了？港险四大红利直接兑现！_144441.md,可改名
ready,output_md/其他/港险优选专家_香港中短期储蓄险：安全保本+单利4.48%写进合同，秒杀定存..._20260426_185540.md,output_md/其他/260426_港险优选专家_香港中短期储蓄险：安全保本+单利4.48%写进合同，秒杀定存..._185540.md,可改名
ready,output_md/其他/港险优选专家_香港保监局拟重定义“内地访客”，这两类人以后买港险，或将无需..._20260426_185517.md,output_md/其他/260426_港险优选专家_香港保监局拟重定义“内地访客”，这两类人以后买港险，或将无需..._185517.md,可改名
ready,output_md/其他/港险优选专家_香港保险VS内地保险：3分钟看懂差距，选错直接血亏！_20260503_162118.md,output_md/其他/260503_港险优选专家_香港保险VS内地保险：3分钟看懂差距，选错直接血亏！_162118.md,可改名
ready,output_md/其他/港险优选专家_香港保险到底该不该买，别被带偏了，记住4点，选对不踩坑！_20260426_144447.md,output_md/其他/260426_港险优选专家_香港保险到底该不该买，别被带偏了，记住4点，选对不踩坑！_144447.md,可改名
ready,output_md/其他/港险优选专家_香港保险和内地保险怎么选？核心差异概括起来就三个方面：监管、..._20260426_185440.md,output_md/其他/260426_港险优选专家_香港保险和内地保险怎么选？核心差异概括起来就三个方面：监管、..._185440.md,可改名
ready,output_md/其他/港险优选专家_香港保险怎么买？香港中产的思路很实用！跟着买不踩坑！_20260426_185421.md,output_md/其他/260426_港险优选专家_香港保险怎么买？香港中产的思路很实用！跟着买不踩坑！_185421.md,可改名
ready,output_md/其他/港险优选专家_香港保险怎么买？高保证和高分红哪个更好？选对=多赚百万！_20260426_185423.md,output_md/其他/260426_港险优选专家_香港保险怎么买？高保证和高分红哪个更好？选对=多赚百万！_185423.md,可改名
ready,output_md/其他/港险优选专家_香港保险爆火，港险老四家 —— 宏利_友邦_永明_安盛，该选..._20260426_185437.md,output_md/其他/260426_港险优选专家_香港保险爆火，港险老四家 —— 宏利_友邦_永明_安盛，该选..._185437.md,可改名
ready,output_md/其他/港险优选专家_香港保险缴费期怎么选最划算？选错=收益腰斩！_20260503_162116.md,output_md/其他/260503_港险优选专家_香港保险缴费期怎么选最划算？选错=收益腰斩！_162116.md,可改名
ready,output_md/其他/港险优选专家_香港储蓄险我看好：友邦「环宇盈活」和安盛「盛利2」，两款王牌..._20260426_185544.md,output_md/其他/260426_港险优选专家_香港储蓄险我看好：友邦「环宇盈活」和安盛「盛利2」，两款王牌..._185544.md,可改名
ready,output_md/其他/港险优选专家_香港分红险有哪些优势和劣势+5年交港险优惠大PK!一次说清不..._20260426_144452.md,output_md/其他/260426_港险优选专家_香港分红险有哪些优势和劣势+5年交港险优惠大PK!一次说清不..._144452.md,可改名
ready,output_md/其他/港险优选专家_香港十大保险公司排名：友邦_安盛_保诚，谁能稳居榜首？选错=..._20260426_144450.md,output_md/其他/260426_港险优选专家_香港十大保险公司排名：友邦_安盛_保诚，谁能稳居榜首？选错=..._144450.md,可改名
ready,output_md/其他/港险优选专家_香港赚的钱转回内地：8种合法、安全、实用的方法请收藏！_20260426_185547.md,output_md/其他/260426_港险优选专家_香港赚的钱转回内地：8种合法、安全、实用的方法请收藏！_185547.md,可改名
ready,output_md/其他/港险宝宝PRO_6.5%变6%！那张疯传的图，也许是真的！_20260426_185943.md,output_md/其他/260426_港险宝宝PRO_6.5%变6%！那张疯传的图，也许是真的！_185943.md,可改名
ready,output_md/其他/港险宝宝PRO_【内部预警】去年全城疯抢的那款「传奇」，要回来了！_20260427_155928.md,output_md/其他/260427_港险宝宝PRO_【内部预警】去年全城疯抢的那款「传奇」，要回来了！_155928.md,可改名
ready,output_md/其他/蓝星探险_保证复利3.5%，上线第一天卖爆了！七大真相揭秘！_20260426_185945.md,output_md/其他/260426_蓝星探险_保证复利3.5%，上线第一天卖爆了！七大真相揭秘！_185945.md,可改名
skip_already_new,output_md/排除流/260407_有态度的精蒜湿_国家队25年把100万变600万，凭什么？_222630_20260503_212913.md,output_md/排除流/260407_有态度的精蒜湿_国家队25年把100万变600万，凭什么？_222630_20260503_212913.md,已经是目标格式
skip_already_new,output_md/排除流/260407_港险渠道_香港⇄内地跨境转账10种方式全攻略_110839_20260503_212859.md,output_md/排除流/260407_港险渠道_香港⇄内地跨境转账10种方式全攻略_110839_20260503_212859.md,已经是目标格式
skip_already_new,output_md/排除流/260411_有态度的精蒜湿_亲测 _ 二胎刚落地，我竟从保险公司“薅”了2万块？！_112843_20260503_212910.md,output_md/排除流/260411_有态度的精蒜湿_亲测 _ 二胎刚落地，我竟从保险公司“薅”了2万块？！_112843_20260503_212910.md,已经是目标格式
skip_already_new,output_md/排除流/260412_港险渠道_内地胜诉，如何执行香港资产？_105323_20260503_212857.md,output_md/排除流/260412_港险渠道_内地胜诉，如何执行香港资产？_105323_20260503_212857.md,已经是目标格式
skip_already_new,output_md/排除流/260415_有态度的精蒜湿_被骗了！美股也曾死守1000点整整16年……A股还要熬多久？_214951_20260503_212908.md,output_md/排除流/260415_有态度的精蒜湿_被骗了！美股也曾死守1000点整整16年……A股还要熬多久？_214951_20260503_212908.md,已经是目标格式
skip_already_new,output_md/排除流/260416_有态度的精蒜湿_抛开宏观叙事，回归搞钱本质 _ 聪明人“中美同时下注”_230304_20260503_212907.md,output_md/排除流/260416_有态度的精蒜湿_抛开宏观叙事，回归搞钱本质 _ 聪明人“中美同时下注”_230304_20260503_212907.md,已经是目标格式
skip_already_new,output_md/排除流/260417_崔伟说投资_为什么推荐配置香港重疾险，一文读懂_135810_20260503_212903.md,output_md/排除流/260417_崔伟说投资_为什么推荐配置香港重疾险，一文读懂_135810_20260503_212903.md,已经是目标格式
skip_already_new,output_md/排除流/260417_有态度的精蒜湿_美债 “稳赚不赔” 梦碎了_184923_20260503_212905.md,output_md/排除流/260417_有态度的精蒜湿_美债 “稳赚不赔” 梦碎了_184923_20260503_212905.md,已经是目标格式
skip_already_new,output_md/排除流/260418_崔伟说投资_不止分红险，香港重疾险也很出圈…_143707_20260503_212901.md,output_md/排除流/260418_崔伟说投资_不止分红险，香港重疾险也很出圈…_143707_20260503_212901.md,已经是目标格式
skip_already_new,output_md/排除流/260429_伟伟说投资_他看出了，钱真的会变少吗？_175031_20260503_212915.md,output_md/排除流/260429_伟伟说投资_他看出了，钱真的会变少吗？_175031_20260503_212915.md,已经是目标格式
skip_already_new,output_md/排除流/260503_蓝星探险_香港重疾险大变天！9月1日起全面改革_183012_20260503_212856.md,output_md/排除流/260503_蓝星探险_香港重疾险大变天！9月1日起全面改革_183012_20260503_212856.md,已经是目标格式
ready,output_md/排除流/伟伟说投资_2026年最新最全存款利率表！ 建议收藏！钱放哪里躺赚更多？_20260426_190449.md,output_md/排除流/260426_伟伟说投资_2026年最新最全存款利率表！ 建议收藏！钱放哪里躺赚更多？_190449.md,可改名
ready,output_md/排除流/伟伟说投资_3500元搞定孩子470万保障！抄作业！2026年最新版！_20260426_190451.md,output_md/排除流/260426_伟伟说投资_3500元搞定孩子470万保障！抄作业！2026年最新版！_190451.md,可改名
ready,output_md/排除流/伟伟说投资_3月最新内地分红型增额寿榜单_20260426_190505.md,output_md/排除流/260426_伟伟说投资_3月最新内地分红型增额寿榜单_190505.md,可改名
ready,output_md/排除流/伟伟说投资_一张保单搞定“重疾给付+医疗报销”双账户！小青龙8号少儿重疾..._20260426_190502.md,output_md/排除流/260426_伟伟说投资_一张保单搞定“重疾给付+医疗报销”双账户！小青龙8号少儿重疾..._190502.md,可改名
ready,output_md/排除流/伟伟说投资_中国银行存够100万，月月躺收4166元（预期）_20260427_160104.md,output_md/排除流/260427_伟伟说投资_中国银行存够100万，月月躺收4166元（预期）_160104.md,可改名
ready,output_md/排除流/伟伟说投资_倒计时25天！国资太保全保证复利3.5%的储蓄险，永久停S！_20260426_190452.md,output_md/排除流/260426_伟伟说投资_倒计时25天！国资太保全保证复利3.5%的储蓄险，永久停S！_190452.md,可改名
ready,output_md/排除流/伟伟说投资_分享一个「低风险套L」思路，存100万到手200万？！_20260426_190459.md,output_md/排除流/260426_伟伟说投资_分享一个「低风险套L」思路，存100万到手200万？！_190459.md,可改名
ready,output_md/排除流/伟伟说投资_利息高一倍！2026第一批超长期国债来了，普通人怎么买？_20260426_190436.md,output_md/排除流/260426_伟伟说投资_利息高一倍！2026第一批超长期国债来了，普通人怎么买？_190436.md,可改名
ready,output_md/排除流/伟伟说投资_到了苏州这家养老社区才懂，养老可以这样体面！家有老人都该看看_20260426_190445.md,output_md/排除流/260426_伟伟说投资_到了苏州这家养老社区才懂，养老可以这样体面！家有老人都该看看_190445.md,可改名
ready,output_md/排除流/伟伟说投资_国家发红包！这份保姆级退税攻略请收好！动动手指，多退几千块！_20260426_190444.md,output_md/排除流/260426_伟伟说投资_国家发红包！这份保姆级退税攻略请收好！动动手指，多退几千块！_190444.md,可改名
ready,output_md/排除流/伟伟说投资_复利3.5%固收储蓄险重回市场？听说窗口期仅有1个月！_20260426_190507.md,output_md/排除流/260426_伟伟说投资_复利3.5%固收储蓄险重回市场？听说窗口期仅有1个月！_190507.md,可改名
ready,output_md/排除流/伟伟说投资_存款到100万后，请立刻放下这个习惯！否则回到起点！_20260427_160106.md,output_md/排除流/260427_伟伟说投资_存款到100万后，请立刻放下这个习惯！否则回到起点！_160106.md,可改名
ready,output_md/排除流/伟伟说投资_存款搬家首选！太平洋_新华_中意大公司「快返年金」深度测评_20260426_190439.md,output_md/排除流/260426_伟伟说投资_存款搬家首选！太平洋_新华_中意大公司「快返年金」深度测评_190439.md,可改名
ready,output_md/排除流/伟伟说投资_开在南京的法国养老院！价格“最贵”却一床难求，里面到底是什么..._20260426_190456.md,output_md/排除流/260426_伟伟说投资_开在南京的法国养老院！价格“最贵”却一床难求，里面到底是什么..._190456.md,可改名
ready,output_md/排除流/伟伟说投资_房贷、辅导班、生活费…如果收入突然暂停，你家的存款能撑几个月..._20260426_190447.md,output_md/排除流/260426_伟伟说投资_房贷、辅导班、生活费…如果收入突然暂停，你家的存款能撑几个月..._190447.md,可改名
ready,output_md/排除流/伟伟说投资_把“百万医疗险”装进重疾险？超级玛丽16号的一站式解法！_20260426_190442.md,output_md/排除流/260426_伟伟说投资_把“百万医疗险”装进重疾险？超级玛丽16号的一站式解法！_190442.md,可改名
ready,output_md/排除流/伟伟说投资_最后窗口期！头部定期寿险集体涨价，涨幅或达10%！_20260426_190458.md,output_md/排除流/260426_伟伟说投资_最后窗口期！头部定期寿险集体涨价，涨幅或达10%！_190458.md,可改名
ready,output_md/排除流/伟伟说投资_活久见！3.5%固收增额寿重回市场？！_20260426_190509.md,output_md/排除流/260426_伟伟说投资_活久见！3.5%固收增额寿重回市场？！_190509.md,可改名
ready,output_md/排除流/伟伟说投资_淘到宝了！没有哪个南京长辈，能拒绝这家神仙养老社区！_20260427_160107.md,output_md/排除流/260427_伟伟说投资_淘到宝了！没有哪个南京长辈，能拒绝这家神仙养老社区！_160107.md,可改名
ready,output_md/排除流/伟伟说投资_独家采访90岁退伍爷爷奶奶：在南京有房，为什么还选择到欧葆庭..._20260426_190434.md,output_md/排除流/260426_伟伟说投资_独家采访90岁退伍爷爷奶奶：在南京有房，为什么还选择到欧葆庭..._190434.md,可改名
ready,output_md/排除流/伟伟说投资_独家采访：90岁退伍爷爷奶奶，对养老院最大的顾虑是什么？_20260426_190443.md,output_md/排除流/260426_伟伟说投资_独家采访：90岁退伍爷爷奶奶，对养老院最大的顾虑是什么？_190443.md,可改名
ready,output_md/排除流/伟伟说投资_突然对富豪加S53%？内地高净值家庭要注意了…_20260426_190501.md,output_md/排除流/260426_伟伟说投资_突然对富豪加S53%？内地高净值家庭要注意了…_190501.md,可改名
ready,output_md/排除流/伟伟说投资_被低估的“固收之W”：吃3.42%，比存银行多拿21万利息_20260426_190503.md,output_md/排除流/260426_伟伟说投资_被低估的“固收之W”：吃3.42%，比存银行多拿21万利息_190503.md,可改名
ready,output_md/排除流/伟伟说投资_见证历史，五年定存利率降到0，银行存款利率加速下调！_20260427_160103.md,output_md/排除流/260427_伟伟说投资_见证历史，五年定存利率降到0，银行存款利率加速下调！_160103.md,可改名
ready,output_md/排除流/伟伟说投资_银行理财产品4月大变天，1个月亏光1年的收益_20260426_190438.md,output_md/排除流/260426_伟伟说投资_银行理财产品4月大变天，1个月亏光1年的收益_190438.md,可改名
ready,output_md/排除流/伟伟说投资_银行绝口不提的存钱法：每月存2000元，轻松存到20万养老钱_20260426_190440.md,output_md/排除流/260426_伟伟说投资_银行绝口不提的存钱法：每月存2000元，轻松存到20万养老钱_190440.md,可改名
ready,output_md/排除流/伟伟说投资_除外、加费心太累？超级玛丽医联有盟给非标人群开了扇门！_20260426_190454.md,output_md/排除流/260426_伟伟说投资_除外、加费心太累？超级玛丽医联有盟给非标人群开了扇门！_190454.md,可改名
ready,output_md/排除流/伟伟说投资_香港保险公司会破产吗？_20260427_160101.md,output_md/排除流/260427_伟伟说投资_香港保险公司会破产吗？_160101.md,可改名
ready,output_md/排除流/伟伟说投资_高端养老院资深医生访谈：发现父母有这3个症状，一定要警惕！_20260426_190435.md,output_md/排除流/260426_伟伟说投资_高端养老院资深医生访谈：发现父母有这3个症状，一定要警惕！_190435.md,可改名
ready,output_md/排除流/小冯妮儿聊港险_45岁只要有60万就提前退休，每年领3万，靠利息养老，本金安..._20260426_190426.md,output_md/排除流/260426_小冯妮儿聊港险_45岁只要有60万就提前退休，每年领3万，靠利息养老，本金安..._190426.md,可改名
ready,output_md/排除流/小冯妮儿聊港险_5年存款，保证年化5.01%，比银行定存高4倍！_20260426_190428.md,output_md/排除流/260426_小冯妮儿聊港险_5年存款，保证年化5.01%，比银行定存高4倍！_190428.md,可改名
ready,output_md/排除流/小冯妮儿聊港险_92倍身故杠杆！新加坡宏利万用寿险太适合家庭支柱了~_20260426_183355.md,output_md/排除流/260426_小冯妮儿聊港险_92倍身故杠杆！新加坡宏利万用寿险太适合家庭支柱了~_183355.md,可改名
ready,output_md/排除流/小冯妮儿聊港险_中国人寿宝藏储蓄，45岁存100 万，每年领 7万到115 ..._20260426_190429.md,output_md/排除流/260426_小冯妮儿聊港险_中国人寿宝藏储蓄，45岁存100 万，每年领 7万到115 ..._190429.md,可改名
ready,output_md/排除流/小冯妮儿聊港险_中国人寿宝藏储蓄，55岁存50万，60岁每年领35000元养..._20260426_183405.md,output_md/排除流/260426_小冯妮儿聊港险_中国人寿宝藏储蓄，55岁存50万，60岁每年领35000元养..._183405.md,可改名
ready,output_md/排除流/小冯妮儿聊港险_中国银行开门红，45岁存150万，53岁每月领6250元养老..._20260426_190423.md,output_md/排除流/260426_小冯妮儿聊港险_中国银行开门红，45岁存150万，53岁每月领6250元养老..._190423.md,可改名
ready,output_md/排除流/小冯妮儿聊港险_中国银行开门红，55岁存100万，58岁每年领5万养老金，本..._20260426_183352.md,output_md/排除流/260426_小冯妮儿聊港险_中国银行开门红，55岁存100万，58岁每年领5万养老金，本..._183352.md,可改名
ready,output_md/排除流/小冯妮儿聊港险_太平人寿宝藏产品，50岁交够100万，51岁领5万元养老金，..._20260426_183402.md,output_md/排除流/260426_小冯妮儿聊港险_太平人寿宝藏产品，50岁交够100万，51岁领5万元养老金，..._183402.md,可改名
ready,output_md/排除流/小冯妮儿聊港险_太平洋王炸年金，今年存100万，每年保证领2.5万利息，锁定..._20260426_183401.md,output_md/排除流/260426_小冯妮儿聊港险_太平洋王炸年金，今年存100万，每年保证领2.5万利息，锁定..._183401.md,可改名
ready,output_md/排除流/小冯妮儿聊港险_太平洋王炸年金，今年存200万，明年领5万利息，保证派息2...._20260426_190430.md,output_md/排除流/260426_小冯妮儿聊港险_太平洋王炸年金，今年存200万，明年领5万利息，保证派息2...._190430.md,可改名
ready,output_md/排除流/小冯妮儿聊港险_太平洋王炸年金，今年存200万，每年保证领5万利息，锁定2...._20260503_162223.md,output_md/排除流/260503_小冯妮儿聊港险_太平洋王炸年金，今年存200万，每年保证领5万利息，锁定2...._162223.md,可改名
ready,output_md/排除流/小冯妮儿聊港险_太平洋王炸年金，今年存50万，每年保证领1.25万利息，终身..._20260426_190421.md,output_md/排除流/260426_小冯妮儿聊港险_太平洋王炸年金，今年存50万，每年保证领1.25万利息，终身..._190421.md,可改名
ready,output_md/排除流/小冯妮儿聊港险_离谱！40岁交2.9万美金，竟能撬动200万美金身故保障，新..._20260503_162224.md,output_md/排除流/260503_小冯妮儿聊港险_离谱！40岁交2.9万美金，竟能撬动200万美金身故保障，新..._162224.md,可改名
ready,output_md/排除流/小冯妮儿聊港险_香港美元资产配置游学团｜8人精品小团，每周开团，当天开港卡+..._20260426_190417.md,output_md/排除流/260426_小冯妮儿聊港险_香港美元资产配置游学团｜8人精品小团，每周开团，当天开港卡+..._190417.md,可改名
ready,output_md/排除流/小冯妮儿聊港险_香港美元资产配置游学团｜8人精品小团，每周开团，当天开港卡+..._20260426_190419.md,output_md/排除流/260426_小冯妮儿聊港险_香港美元资产配置游学团｜8人精品小团，每周开团，当天开港卡+..._190419.md,可改名
ready,output_md/排除流/小冯妮儿聊港险_香港美元资产配置游学团｜8人精品小团，每周开团，当天开港卡+..._20260426_190420.md,output_md/排除流/260426_小冯妮儿聊港险_香港美元资产配置游学团｜8人精品小团，每周开团，当天开港卡+..._190420.md,可改名
ready,output_md/排除流/小冯妮儿聊港险_香港美元资产配置游学团｜8人精品小团，每周开团，当天开港卡+..._20260426_190425.md,output_md/排除流/260426_小冯妮儿聊港险_香港美元资产配置游学团｜8人精品小团，每周开团，当天开港卡+..._190425.md,可改名
ready,output_md/排除流/崔伟说投资_2026香港财政预算案公布！香港教育将迎来「黄金十年」_20260426_190354.md,output_md/排除流/260426_崔伟说投资_2026香港财政预算案公布！香港教育将迎来「黄金十年」_190354.md,可改名
ready,output_md/排除流/崔伟说投资_一文读懂全年红利！香港2026年《财政预算案》重磅出炉！_20260426_190356.md,output_md/排除流/260426_崔伟说投资_一文读懂全年红利！香港2026年《财政预算案》重磅出炉！_190356.md,可改名
ready,output_md/排除流/崔伟说投资_未命名文章_20260426_190351.md,output_md/排除流/260426_崔伟说投资_未命名文章_190351.md,可改名
ready,output_md/排除流/有态度的精蒜湿_二宝蛋仔满月啦！10年保险老兵的“硬核”双配育儿经~_20260503_162230.md,output_md/排除流/260503_有态度的精蒜湿_二宝蛋仔满月啦！10年保险老兵的“硬核”双配育儿经~_162230.md,可改名
ready,output_md/排除流/有态度的精蒜湿_做时间的朋友，静待陌上花开_20260427_160100.md,output_md/排除流/260427_有态度的精蒜湿_做时间的朋友，静待陌上花开_160100.md,可改名
ready,output_md/排除流/有态度的精蒜湿_恒生科技笑话集锦~_20260503_162226.md,output_md/排除流/260503_有态度的精蒜湿_恒生科技笑话集锦~_162226.md,可改名
ready,output_md/排除流/有态度的精蒜湿_投资江湖：五大门派，你属于哪一派？_20260503_162225.md,output_md/排除流/260503_有态度的精蒜湿_投资江湖：五大门派，你属于哪一派？_162225.md,可改名
ready,output_md/排除流/有态度的精蒜湿_炸了 _ 韩股涨56%，台股突破4万点，日股再创历史新高！_20260503_162228.md,output_md/排除流/260503_有态度的精蒜湿_炸了 _ 韩股涨56%，台股突破4万点，日股再创历史新高！_162228.md,可改名
ready,output_md/排除流/有态度的精蒜湿_赚到钱后，我决定交个底~_20260427_160059.md,output_md/排除流/260427_有态度的精蒜湿_赚到钱后，我决定交个底~_160059.md,可改名
ready,output_md/排除流/木木小财女_利率越低，快享福5号越香！老七家新华出品，趸交党闭眼入？_20260426_190335.md,output_md/排除流/260426_木木小财女_利率越低，快享福5号越香！老七家新华出品，趸交党闭眼入？_190335.md,可改名
ready,output_md/排除流/港险圈研究院_5亿跨境离婚案背后：涉港婚姻的财产，到底该归谁？_20260427_160057.md,output_md/排除流/260427_港险圈研究院_5亿跨境离婚案背后：涉港婚姻的财产，到底该归谁？_160057.md,可改名
ready,output_md/排除流/港险圈研究院_CRS资产穿透+账户曝光，香港保险到底要交税吗？_20260426_183408.md,output_md/排除流/260426_港险圈研究院_CRS资产穿透+账户曝光，香港保险到底要交税吗？_183408.md,可改名
ready,output_md/排除流/港险圈研究院_企业主必看：公司投保港险的“公转私”玩法，如何实现税务优化和..._20260427_160054.md,output_md/排除流/260427_港险圈研究院_企业主必看：公司投保港险的“公转私”玩法，如何实现税务优化和..._160054.md,可改名
ready,output_md/排除流/港险圈研究院_关键信号：稳定币“持牌时代”拟3月开启，重新定义港险支付模式..._20260426_190431.md,output_md/排除流/260426_港险圈研究院_关键信号：稳定币“持牌时代”拟3月开启，重新定义港险支付模式..._190431.md,可改名
ready,output_md/排除流/港险圈研究院_刚刚！3亿美元保单刷新全球纪录！新加坡赢在哪，这篇讲透了~_20260426_190433.md,output_md/排除流/260426_港险圈研究院_刚刚！3亿美元保单刷新全球纪录！新加坡赢在哪，这篇讲透了~_190433.md,可改名
ready,output_md/排除流/港险圈研究院_龙头保司坐不住了，这款增额寿，吊打全网！_20260427_160058.md,output_md/排除流/260427_港险圈研究院_龙头保司坐不住了，这款增额寿，吊打全网！_160058.md,可改名
ready,output_md/排除流/港险宝宝PRO_拥抱CRS2.0！万通「富饶传家」隆重推出，15年翻倍，25..._20260426_190336.md,output_md/排除流/260426_港险宝宝PRO_拥抱CRS2.0！万通「富饶传家」隆重推出，15年翻倍，25..._190336.md,可改名
ready,output_md/排除流/港险宝宝PRO_香港首批稳定币牌照“花落两家”，谁会成为“港险稳定币缴费”保..._20260426_190339.md,output_md/排除流/260426_港险宝宝PRO_香港首批稳定币牌照“花落两家”，谁会成为“港险稳定币缴费”保..._190339.md,可改名
ready,output_md/排除流/港险渠道_坚持汇率风险中性理念，做好汇率风险管理，不是一句空话_20260426_190351.md,output_md/排除流/260426_港险渠道_坚持汇率风险中性理念，做好汇率风险管理，不是一句空话_190351.md,可改名
ready,output_md/排除流/港险渠道_重磅预警！境外补税大严查！这类资产竟成免税“避风港”_20260503_162221.md,output_md/排除流/260503_港险渠道_重磅预警！境外补税大严查！这类资产竟成免税“避风港”_162221.md,可改名
ready,output_md/排除流/蓝星探险_什么样的人会被双边收税？_20260426_190349.md,output_md/排除流/260426_蓝星探险_什么样的人会被双边收税？_190349.md,可改名
ready,output_md/排除流/蓝星探险_内地户口+海外收入，很危险！_20260426_190346.md,output_md/排除流/260426_蓝星探险_内地户口+海外收入，很危险！_190346.md,可改名
ready,output_md/排除流/蓝星探险_如果要交税，保险一定比别的资产更好！_20260426_190343.md,output_md/排除流/260426_蓝星探险_如果要交税，保险一定比别的资产更好！_190343.md,可改名
ready,output_md/排除流/蓝星探险_如果香港保险公司破产了，我买的保单会怎么样？_20260426_190348.md,output_md/排除流/260426_蓝星探险_如果香港保险公司破产了，我买的保单会怎么样？_190348.md,可改名
ready,output_md/排除流/蓝星探险_迪拜跌倒，香港吃饱_20260426_190340.md,output_md/排除流/260426_蓝星探险_迪拜跌倒，香港吃饱_190340.md,可改名
ready,output_md/排除流/蓝星探险_香港内地跨境资金进出，6种方式全攻略_20260503_162219.md,output_md/排除流/260503_蓝星探险_香港内地跨境资金进出，6种方式全攻略_162219.md,可改名
ready,output_md/排除流/长城港险_汇率一夜贬值34倍，伊朗中产一夜返贫的残酷真相_20260427_160053.md,output_md/排除流/260427_长城港险_汇率一夜贬值34倍，伊朗中产一夜返贫的残酷真相_160053.md,可改名
ready,output_md/排除流/长城港险_硬核拆解！8款香港重疾险，总有一款适合抄作业。_20260427_160052.md,output_md/排除流/260427_长城港险_硬核拆解！8款香港重疾险，总有一款适合抄作业。_160052.md,可改名
ready,output_md/排除流/长城港险_香港中银快汇：转账内地、澳门免手续费操作指南_20260427_160049.md,output_md/排除流/260427_长城港险_香港中银快汇：转账内地、澳门免手续费操作指南_160049.md,可改名
ready,output_md/排除流/香港保险行业资讯_2026年4月15日起，保诚重疾险【危疾首护保2】取消前10..._20260426_190416.md,output_md/排除流/260426_香港保险行业资讯_2026年4月15日起，保诚重疾险【危疾首护保2】取消前10..._190416.md,可改名
ready,output_md/排除流/香港保险行业资讯_2026年4月20日，香港宏利保险公司推出意外险【相伴无忧】_20260426_190359.md,output_md/排除流/260426_香港保险行业资讯_2026年4月20日，香港宏利保险公司推出意外险【相伴无忧】_190359.md,可改名
ready,output_md/排除流/香港保险行业资讯_2026年，买香港重疾险可投保的最高保额_20260427_160040.md,output_md/排除流/260427_香港保险行业资讯_2026年，买香港重疾险可投保的最高保额_160040.md,可改名
ready,output_md/排除流/香港保险行业资讯_2026年，被香港保险公司定为「高风险洗钱」的国家_20260427_160041.md,output_md/排除流/260427_香港保险行业资讯_2026年，被香港保险公司定为「高风险洗钱」的国家_160041.md,可改名
ready,output_md/排除流/香港保险行业资讯_2026年，香港10款重疾险保费的投资策略_20260427_160029.md,output_md/排除流/260427_香港保险行业资讯_2026年，香港10款重疾险保费的投资策略_160029.md,可改名
ready,output_md/排除流/香港保险行业资讯_未命名文章_20260426_190359.md,output_md/排除流/260426_香港保险行业资讯_未命名文章_190359.md,可改名
ready,output_md/排除流/香港保险行业资讯_香港万通保险公司，【住院保障计划】保障详情_20260427_160030.md,output_md/排除流/260427_香港保险行业资讯_香港万通保险公司，【住院保障计划】保障详情_160030.md,可改名
ready,output_md/排除流/香港保险行业资讯_香港万通保险公司，防癌险【癌症加护保】保障详情_20260427_160031.md,output_md/排除流/260427_香港保险行业资讯_香港万通保险公司，防癌险【癌症加护保】保障详情_160031.md,可改名
ready,output_md/排除流/香港保险行业资讯_香港万通保险公司，高端医疗险【VIP寰球医疗保】保障详情_20260426_190410.md,output_md/排除流/260426_香港保险行业资讯_香港万通保险公司，高端医疗险【VIP寰球医疗保】保障详情_190410.md,可改名
ready,output_md/排除流/香港保险行业资讯_香港万通保险公司，高端医疗险【VIP环球医疗保】保障详情_20260426_190408.md,output_md/排除流/260426_香港保险行业资讯_香港万通保险公司，高端医疗险【VIP环球医疗保】保障详情_190408.md,可改名
ready,output_md/排除流/香港保险行业资讯_香港万通保险公司，高端医疗险【丰裕医疗保】保障详情_20260427_160032.md,output_md/排除流/260427_香港保险行业资讯_香港万通保险公司，高端医疗险【丰裕医疗保】保障详情_160032.md,可改名
ready,output_md/排除流/香港保险行业资讯_香港万通保险公司，高端医疗险【优裕医疗保】保障详情_20260427_160033.md,output_md/排除流/260427_香港保险行业资讯_香港万通保险公司，高端医疗险【优裕医疗保】保障详情_160033.md,可改名
ready,output_md/排除流/香港保险行业资讯_香港保诚保险公司，住院现金保险【加护一生】保障详情_20260427_160047.md,output_md/排除流/260427_香港保险行业资讯_香港保诚保险公司，住院现金保险【加护一生】保障详情_160047.md,可改名
ready,output_md/排除流/香港保险行业资讯_香港保诚保险公司，高端医疗险【医疗加倍保】保障详情_20260427_160044.md,output_md/排除流/260427_香港保险行业资讯_香港保诚保险公司，高端医疗险【医疗加倍保】保障详情_160044.md,可改名
ready,output_md/排除流/香港保险行业资讯_香港保诚保险公司，高端医疗险【挚为您】保障详情_20260427_160048.md,output_md/排除流/260427_香港保险行业资讯_香港保诚保险公司，高端医疗险【挚为您】保障详情_160048.md,可改名
ready,output_md/排除流/香港保险行业资讯_香港保诚保险公司，高端医疗险【自由行计划】保障详情_20260427_160045.md,output_md/排除流/260427_香港保险行业资讯_香港保诚保险公司，高端医疗险【自由行计划】保障详情_160045.md,可改名
ready,output_md/排除流/香港保险行业资讯_香港周大福保险公司，住院现金保险【乐康健】保障详情_20260427_160027.md,output_md/排除流/260427_香港保险行业资讯_香港周大福保险公司，住院现金保险【乐康健】保障详情_160027.md,可改名
ready,output_md/排除流/香港保险行业资讯_香港周大福保险公司，门诊保险【湾区门诊通】保障详情_20260427_160024.md,output_md/排除流/260427_香港保险行业资讯_香港周大福保险公司，门诊保险【湾区门诊通】保障详情_160024.md,可改名
ready,output_md/排除流/香港保险行业资讯_香港周大福保险公司，高端医疗险【世逸】特级医疗保障详情_20260426_190401.md,output_md/排除流/260426_香港保险行业资讯_香港周大福保险公司，高端医疗险【世逸】特级医疗保障详情_190401.md,可改名
ready,output_md/排除流/香港保险行业资讯_香港周大福保险公司，高端医疗险【挚康健】保障计划_20260427_160028.md,output_md/排除流/260427_香港保险行业资讯_香港周大福保险公司，高端医疗险【挚康健】保障计划_160028.md,可改名
ready,output_md/排除流/香港保险行业资讯_香港安盛保险公司，保障孕妇新生儿医疗险【挚保宝】_20260427_160036.md,output_md/排除流/260427_香港保险行业资讯_香港安盛保险公司，保障孕妇新生儿医疗险【挚保宝】_160036.md,可改名
ready,output_md/排除流/香港保险行业资讯_香港安盛保险公司，无需健康申报的医疗险【臻尚环球】保障详情_20260426_190412.md,output_md/排除流/260426_香港保险行业资讯_香港安盛保险公司，无需健康申报的医疗险【臻尚环球】保障详情_190412.md,可改名
ready,output_md/排除流/香港保险行业资讯_香港安盛保险公司，防癌险【癌症治疗2】保障详情_20260427_160038.md,output_md/排除流/260427_香港保险行业资讯_香港安盛保险公司，防癌险【癌症治疗2】保障详情_160038.md,可改名
ready,output_md/排除流/香港保险行业资讯_香港宏利保险公司，高端医疗险【倍康医疗加保】保障详情_20260426_190415.md,output_md/排除流/260426_香港保险行业资讯_香港宏利保险公司，高端医疗险【倍康医疗加保】保障详情_190415.md,可改名
ready,output_md/排除流/香港保险行业资讯_香港宏利保险公司，高端医疗险【晋领医疗】保障详情_20260427_160043.md,output_md/排除流/260427_香港保险行业资讯_香港宏利保险公司，高端医疗险【晋领医疗】保障详情_160043.md,可改名
ready,output_md/排除流/香港保险行业资讯_香港宏利保险公司，高端医疗险【活亮人生】保障详情_20260427_160042.md,output_md/排除流/260427_香港保险行业资讯_香港宏利保险公司，高端医疗险【活亮人生】保障详情_160042.md,可改名
ready,output_md/排除流/香港保险行业资讯_香港永明保险公司，住院现金保险【贴心医疗保】保障详情_20260426_190403.md,output_md/排除流/260426_香港保险行业资讯_香港永明保险公司，住院现金保险【贴心医疗保】保障详情_190403.md,可改名
ready,output_md/排除流/香港保险行业资讯_香港永明保险公司，高端医疗险【满心医疗保】保障详情_20260426_190407.md,output_md/排除流/260426_香港保险行业资讯_香港永明保险公司，高端医疗险【满心医疗保】保障详情_190407.md,可改名
ready,output_md/排除流/香港保险行业资讯_香港永明保险公司，高端医疗险【精心医疗保】保障详情_20260426_190405.md,output_md/排除流/260426_香港保险行业资讯_香港永明保险公司，高端医疗险【精心医疗保】保障详情_190405.md,可改名
ready,output_md/港险优惠/伟伟说投资_3.75%+1.75%新年金，第五年就领钱，本金还在涨_20260426_190048.md,output_md/港险优惠/260426_伟伟说投资_3.75%+1.75%新年金，第五年就领钱，本金还在涨_190048.md,可改名
ready,output_md/港险优惠/伟伟说投资_3月港险优惠TOP榜！第一名居然省了这么多！_20260426_190050.md,output_md/港险优惠/260426_伟伟说投资_3月港险优惠TOP榜！第一名居然省了这么多！_190050.md,可改名
ready,output_md/港险优惠/多财Global_2026年3月香港保险优惠力度拉满！12家主流险企限时福利，..._20260426_190039.md,output_md/港险优惠/260426_多财Global_2026年3月香港保险优惠力度拉满！12家主流险企限时福利，..._190039.md,可改名
ready,output_md/港险优惠/崔伟说投资_26年4月香港各大保险公司优惠汇总！最高12%预缴利率限时抢..._20260426_190040.md,output_md/港险优惠/260426_崔伟说投资_26年4月香港各大保险公司优惠汇总！最高12%预缴利率限时抢..._190040.md,可改名
ready,output_md/港险优惠/崔伟说投资_3月香港保险公司优惠汇总：开门红优惠力度大，抓紧时间抢占优惠..._20260426_190044.md,output_md/港险优惠/260426_崔伟说投资_3月香港保险公司优惠汇总：开门红优惠力度大，抓紧时间抢占优惠..._190044.md,可改名
ready,output_md/港险优惠/崔伟说投资_港版美元稳健理财优惠延期！5年保证收益25.06%，多元资产..._20260426_190042.md,output_md/港险优惠/260426_崔伟说投资_港版美元稳健理财优惠延期！5年保证收益25.06%，多元资产..._190042.md,可改名
ready,output_md/港险优惠/港险圈研究院_2026年香港保险3月优惠汇总！收藏版！_20260427_160022.md,output_md/港险优惠/260427_港险圈研究院_2026年香港保险3月优惠汇总！收藏版！_160022.md,可改名
ready,output_md/港险优惠/港险圈研究院_港险4月优惠速递，宏挚传承_宏挚家传优惠延续，福利抢先看~_20260426_190047.md,output_md/港险优惠/260426_港险圈研究院_港险4月优惠速递，宏挚传承_宏挚家传优惠延续，福利抢先看~_190047.md,可改名
ready,output_md/港险优惠/港险圈研究院_港险5月优惠汇总，福利抢先看~_20260503_162136.md,output_md/港险优惠/260503_港险圈研究院_港险5月优惠汇总，福利抢先看~_162136.md,可改名
ready,output_md/港险优惠/港险宝宝PRO_100%+！保诚实力拉满！6月尊享“星耀赛马会”邀您同行，稀..._20260503_162135.md,output_md/港险优惠/260503_港险宝宝PRO_100%+！保诚实力拉满！6月尊享“星耀赛马会”邀您同行，稀..._162135.md,可改名
ready,output_md/港险优惠/港险宝宝PRO_“大而不能倒”！友邦、保诚两大巨头优惠大幅加码！_20260426_190033.md,output_md/港险优惠/260426_港险宝宝PRO_“大而不能倒”！友邦、保诚两大巨头优惠大幅加码！_190033.md,可改名
ready,output_md/港险优惠/港险宝宝PRO_三月港险优惠折扣汇总！宏利最高优惠91.2%年缴保费无敌了！_20260426_190037.md,output_md/港险优惠/260426_港险宝宝PRO_三月港险优惠折扣汇总！宏利最高优惠91.2%年缴保费无敌了！_190037.md,可改名
ready,output_md/港险优惠/港险宝宝PRO_五月港险优惠折扣汇总！富卫最高45%首年保费折扣无敌了！_20260503_162134.md,output_md/港险优惠/260503_港险宝宝PRO_五月港险优惠折扣汇总！富卫最高45%首年保费折扣无敌了！_162134.md,可改名
ready,output_md/港险优惠/港险宝宝PRO_四月港险优惠折扣汇总！AXA安盛预缴保证利率12%太香了！_20260426_190034.md,output_md/港险优惠/260426_港险宝宝PRO_四月港险优惠折扣汇总！AXA安盛预缴保证利率12%太香了！_190034.md,可改名
ready,output_md/港险优惠/蓝星探险_买香港保险，竟然还有这么多隐藏福利！_20260426_190038.md,output_md/港险优惠/260426_蓝星探险_买香港保险，竟然还有这么多隐藏福利！_190038.md,可改名
ready,output_md/港险优惠/长城港险_香港5年期储蓄险，优惠哪家强？2026.3月版_20260427_160020.md,output_md/港险优惠/260427_长城港险_香港5年期储蓄险，优惠哪家强？2026.3月版_160020.md,可改名
ready,output_md/港险优惠/长城港险_香港保险2026Q2最新优惠汇总：5pay大额回赠不容错过！_20260426_190046.md,output_md/港险优惠/260426_长城港险_香港保险2026Q2最新优惠汇总：5pay大额回赠不容错过！_190046.md,可改名
ready,output_md/热门产品/伟伟说投资_别跟风！关于友邦环Y盈活，这3个扎心真相没人说_20260427_160000.md,output_md/热门产品/260427_伟伟说投资_别跟风！关于友邦环Y盈活，这3个扎心真相没人说_160000.md,可改名
ready,output_md/热门产品/伟伟说投资_安盛盛利2（2年缴）全面测评！2026最值得买的储蓄险？_20260426_190300.md,output_md/热门产品/260426_伟伟说投资_安盛盛利2（2年缴）全面测评！2026最值得买的储蓄险？_190300.md,可改名
ready,output_md/热门产品/伟伟说投资_手里有100万，该怎么选？太保三款高保底产品大测评：鑫安逸、..._20260426_190301.md,output_md/热门产品/260426_伟伟说投资_手里有100万，该怎么选？太保三款高保底产品大测评：鑫安逸、..._190301.md,可改名
ready,output_md/热门产品/伟伟说投资_永明又出“卷王”！星H尊享2瞬间不香了？_20260426_190304.md,output_md/热门产品/260426_伟伟说投资_永明又出“卷王”！星H尊享2瞬间不香了？_190304.md,可改名
ready,output_md/热门产品/多财Global_「宏挚家传承」PK「宏挚传承」，应该怎么选_20260426_190228.md,output_md/热门产品/260426_多财Global_「宏挚家传承」PK「宏挚传承」，应该怎么选_190228.md,可改名
ready,output_md/热门产品/多财Global_安盛「盛利II 2年缴」，独有258提领，12%预缴利率，重..._20260426_190230.md,output_md/热门产品/260426_多财Global_安盛「盛利II 2年缴」，独有258提领，12%预缴利率，重..._190230.md,可改名
ready,output_md/热门产品/小冯妮儿聊港险_100万给孩子存终身现金流，每年领8万块，安盛-盛利Ⅱ，才是..._20260503_162215.md,output_md/热门产品/260503_小冯妮儿聊港险_100万给孩子存终身现金流，每年领8万块，安盛-盛利Ⅱ，才是..._162215.md,可改名
ready,output_md/热门产品/小冯妮儿聊港险_太保-鑫相伴，保证派息2.5%，今年存50万，今年领1.25..._20260426_190248.md,output_md/热门产品/260426_小冯妮儿聊港险_太保-鑫相伴，保证派息2.5%，今年存50万，今年领1.25..._190248.md,可改名
ready,output_md/热门产品/小冯妮儿聊港险_安盛盛利Ⅱ优缺点深度测评：火遍港险圈，到底值不值得跟风？_20260426_183338.md,output_md/热门产品/260426_小冯妮儿聊港险_安盛盛利Ⅱ优缺点深度测评：火遍港险圈，到底值不值得跟风？_183338.md,可改名
ready,output_md/热门产品/崔伟说投资_3月宏利惠客加码，28%最高保费折扣，「宏挚家传承」怕是要卖..._20260426_190213.md,output_md/热门产品/260426_崔伟说投资_3月宏利惠客加码，28%最高保费折扣，「宏挚家传承」怕是要卖..._190213.md,可改名
ready,output_md/热门产品/崔伟说投资_三大皇牌产品连续10年稳上100%！周大福人寿2025年最新..._20260426_190236.md,output_md/热门产品/260426_崔伟说投资_三大皇牌产品连续10年稳上100%！周大福人寿2025年最新..._190236.md,可改名
ready,output_md/热门产品/崔伟说投资_安盛盛利 II 2 年期重磅回归！12%预缴利息+258极致..._20260426_190237.md,output_md/热门产品/260426_崔伟说投资_安盛盛利 II 2 年期重磅回归！12%预缴利息+258极致..._190237.md,可改名
ready,output_md/热门产品/崔伟说投资_高达102%！保记2025分红实现率抢先看，「信S明天」预期..._20260426_190238.md,output_md/热门产品/260426_崔伟说投资_高达102%！保记2025分红实现率抢先看，「信S明天」预期..._190238.md,可改名
ready,output_md/热门产品/港险圈研究院_10年近6%，20年破11%，宏挚传承优惠倒计时，5.10截..._20260426_190250.md,output_md/热门产品/260426_港险圈研究院_10年近6%，20年破11%，宏挚传承优惠倒计时，5.10截..._190250.md,可改名
ready,output_md/热门产品/港险圈研究院_宏利“王炸”加码！3月锁定「宏挚传承_宏挚家传」，最高预缴利..._20260426_190257.md,output_md/热门产品/260426_港险圈研究院_宏利“王炸”加码！3月锁定「宏挚传承_宏挚家传」，最高预缴利..._190257.md,可改名
ready,output_md/热门产品/港险圈研究院_手慢无！今天上线，富卫盈聚天下II，58%限时巨惠，3年交收..._20260426_190253.md,output_md/热门产品/260426_港险圈研究院_手慢无！今天上线，富卫盈聚天下II，58%限时巨惠，3年交收..._190253.md,可改名
ready,output_md/热门产品/港险圈研究院_限时12%预缴利率！安盛「盛利II」2年缴震撼上线，收益、灵..._20260426_190254.md,output_md/热门产品/260426_港险圈研究院_限时12%预缴利率！安盛「盛利II」2年缴震撼上线，收益、灵..._190254.md,可改名
ready,output_md/热门产品/港险宝宝PRO_58%首年保费优惠，10年预期7.5%！富卫「盈聚天下2」3..._20260426_190209.md,output_md/热门产品/260426_港险宝宝PRO_58%首年保费优惠，10年预期7.5%！富卫「盈聚天下2」3..._190209.md,可改名
ready,output_md/热门产品/港险宝宝PRO_“258”提取密码，30年登顶6.5%！2年缴安盛「盛利2」..._20260426_190207.md,output_md/热门产品/260426_港险宝宝PRO_“258”提取密码，30年登顶6.5%！2年缴安盛「盛利2」..._190207.md,可改名
ready,output_md/热门产品/港险宝宝PRO_万通全新财富中心开业，“客似云来” 喜迎八方客！「富饶万家」..._20260426_190211.md,output_md/热门产品/260426_港险宝宝PRO_万通全新财富中心开业，“客似云来” 喜迎八方客！「富饶万家」..._190211.md,可改名
ready,output_md/热门产品/港险宝宝PRO_永M万年青·星河系列II重磅升级——别人让你做选择，永M给你..._20260426_190210.md,output_md/热门产品/260426_港险宝宝PRO_永M万年青·星河系列II重磅升级——别人让你做选择，永M给你..._190210.md,可改名
ready,output_md/热门产品/港险宝宝PRO_预期IRR7.2%！保诚「信守明天」是如何做到的？_20260427_155956.md,output_md/热门产品/260427_港险宝宝PRO_预期IRR7.2%！保诚「信守明天」是如何做到的？_155956.md,可改名
ready,output_md/热门产品/港险渠道_3年缴，直接封神！富卫「盈聚天下2」杀疯了，同行集体沉默_20260426_190231.md,output_md/热门产品/260426_港险渠道_3年缴，直接封神！富卫「盈聚天下2」杀疯了，同行集体沉默_190231.md,可改名
ready,output_md/热门产品/港险渠道_AXA安盛·盛利2｜2年缴王炸回归！20年翻3倍，5年后每年..._20260426_190235.md,output_md/热门产品/260426_港险渠道_AXA安盛·盛利2｜2年缴王炸回归！20年翻3倍，5年后每年..._190235.md,可改名
ready,output_md/热门产品/港险渠道_安盛储蓄产品功能PK：盛利2_尊尚盈家2_盈家_挚汇_丰进_..._20260503_162213.md,output_md/热门产品/260503_港险渠道_安盛储蓄产品功能PK：盛利2_尊尚盈家2_盈家_挚汇_丰进_..._162213.md,可改名
ready,output_md/热门产品/港险渠道_炸裂！富卫「盈聚天下2」杀疯了！港险收益天花板，25年IRR..._20260426_190233.md,output_md/热门产品/260426_港险渠道_炸裂！富卫「盈聚天下2」杀疯了！港险收益天花板，25年IRR..._190233.md,可改名
ready,output_md/热门产品/蓝星探险_2026年重新看宏利宏挚传承，还值得买吗？_20260426_190218.md,output_md/热门产品/260426_蓝星探险_2026年重新看宏利宏挚传承，还值得买吗？_190218.md,可改名
ready,output_md/热门产品/蓝星探险_2年缴盛利2全面测评，港险真正的天花板来了_20260426_190215.md,output_md/热门产品/260426_蓝星探险_2年缴盛利2全面测评，港险真正的天花板来了_190215.md,可改名
ready,output_md/热门产品/蓝星探险_中国人寿收益6.5%的产品，是怎么做到的？_20260426_190221.md,output_md/热门产品/260426_蓝星探险_中国人寿收益6.5%的产品，是怎么做到的？_190221.md,可改名
ready,output_md/热门产品/蓝星探险_人傻了，保证复利3.5%！太平洋人寿带头送钱！_20260426_190225.md,output_md/热门产品/260426_蓝星探险_人傻了，保证复利3.5%！太平洋人寿带头送钱！_190225.md,可改名
ready,output_md/热门产品/蓝星探险_停售倒计时！保证复利3.5%的鑫安逸，错过真绝版了_20260426_190220.md,output_md/热门产品/260426_蓝星探险_停售倒计时！保证复利3.5%的鑫安逸，错过真绝版了_190220.md,可改名
ready,output_md/热门产品/蓝星探险_太平洋人寿出品，保证复利3.5%，鑫安逸深度测评！_20260426_190222.md,output_md/热门产品/260426_蓝星探险_太平洋人寿出品，保证复利3.5%，鑫安逸深度测评！_190222.md,可改名
ready,output_md/热门产品/蓝星探险_最受争议的一款港险，保诚信守明天深度测评！_20260426_190214.md,output_md/热门产品/260426_蓝星探险_最受争议的一款港险，保诚信守明天深度测评！_190214.md,可改名
ready,output_md/热门产品/蓝星探险_美元跌多少，保证复利3.5%的鑫安逸会亏损？_20260426_190224.md,output_md/热门产品/260426_蓝星探险_美元跌多少，保证复利3.5%的鑫安逸会亏损？_190224.md,可改名
ready,output_md/热门产品/蓝星探险_身故赔16倍，还有6%复利，友邦掀桌子了！_20260426_190226.md,output_md/热门产品/260426_蓝星探险_身故赔16倍，还有6%复利，友邦掀桌子了！_190226.md,可改名
ready,output_md/热门产品/蓝星探险_进化后的安盛盛利2，太恐怖了！_20260426_190219.md,output_md/热门产品/260426_蓝星探险_进化后的安盛盛利2，太恐怖了！_190219.md,可改名
ready,output_md/热门产品/长城港险_史上最狠！富卫「盈聚天下II」3pay，总优惠直冲58%，回..._20260426_190247.md,output_md/热门产品/260426_长城港险_史上最狠！富卫「盈聚天下II」3pay，总优惠直冲58%，回..._190247.md,可改名
ready,output_md/热门产品/香港保险行业资讯_2026年3月23日，香港富卫保险公司储蓄险【盈聚天下2】升..._20260426_190245.md,output_md/热门产品/260426_香港保险行业资讯_2026年3月23日，香港富卫保险公司储蓄险【盈聚天下2】升..._190245.md,可改名
ready,output_md/热门产品/香港保险行业资讯_2026年3月30日，香港安盛储蓄险【盛利2】新增2年缴费期_20260426_190243.md,output_md/热门产品/260426_香港保险行业资讯_2026年3月30日，香港安盛储蓄险【盛利2】新增2年缴费期_190243.md,可改名
ready,output_md/热门产品/香港保险行业资讯_2026年4月1日，香港永明储蓄险【万年青星河2】优化升级_20260426_190241.md,output_md/热门产品/260426_香港保险行业资讯_2026年4月1日，香港永明储蓄险【万年青星河2】优化升级_190241.md,可改名
ready,output_md/热门产品/香港保险行业资讯_2026年5月1日，香港富卫保险公司停售储蓄险【盈聚天下】_20260426_190239.md,output_md/热门产品/260426_香港保险行业资讯_2026年5月1日，香港富卫保险公司停售储蓄险【盈聚天下】_190239.md,可改名
ready,output_md/热门产品/香港保险行业资讯_香港安盛储蓄险（盛利2），不同缴费期的分红差距_20260427_155958.md,output_md/热门产品/260427_香港保险行业资讯_香港安盛储蓄险（盛利2），不同缴费期的分红差距_155958.md,可改名
ready,output_md/热门产品/香港保险行业资讯_香港富卫储蓄险（盈聚天下2），不同缴费期的分红差距_20260426_183336.md,output_md/热门产品/260426_香港保险行业资讯_香港富卫储蓄险（盈聚天下2），不同缴费期的分红差距_183336.md,可改名
ready,output_md/美联储降息/蓝星探险_美元和人民币，谁更保值？_20260426_190334.md,output_md/美联储降息/260426_蓝星探险_美元和人民币，谁更保值？_190334.md,可改名
skip_already_new,output_md/香港储蓄险/260409_有态度的精蒜湿_100万存10 年，选对资产差584倍！_181354_20260503_212838.md,output_md/香港储蓄险/260409_有态度的精蒜湿_100万存10 年，选对资产差584倍！_181354_20260503_212838.md,已经是目标格式
skip_already_new,output_md/香港储蓄险/260410_崔伟说投资_一张香港保单传三代，还能防子女败家？_112234_20260503_212837.md,output_md/香港储蓄险/260410_崔伟说投资_一张香港保单传三代，还能防子女败家？_112234_20260503_212837.md,已经是目标格式
skip_already_new,output_md/香港储蓄险/260413_崔伟说投资_香港保险 VS 美元定存，该如何选择？_113122_20260503_212835.md,output_md/香港储蓄险/260413_崔伟说投资_香港保险 VS 美元定存，该如何选择？_113122_20260503_212835.md,已经是目标格式
skip_already_new,output_md/香港储蓄险/260414_崔伟说投资_很少有人讲透的香港储蓄险逻辑！_143916_20260503_212833.md,output_md/香港储蓄险/260414_崔伟说投资_很少有人讲透的香港储蓄险逻辑！_143916_20260503_212833.md,已经是目标格式
skip_already_new,output_md/香港储蓄险/260418_蓝星探险_手里有美金，买美元存款还是买港险？_185449_20260503_212832.md,output_md/香港储蓄险/260418_蓝星探险_手里有美金，买美元存款还是买港险？_185449_20260503_212832.md,已经是目标格式
skip_already_new,output_md/香港储蓄险/260427_伟伟说投资_市场稀缺的「5年期储蓄」，利率能有2.4%以上？_163840_20260503_212842.md,output_md/香港储蓄险/260427_伟伟说投资_市场稀缺的「5年期储蓄」，利率能有2.4%以上？_163840_20260503_212842.md,已经是目标格式
skip_already_new,output_md/香港储蓄险/260429_伟伟说投资_大额存单“高配版”：5年到期保证年化4%？_175031_20260503_212841.md,output_md/香港储蓄险/260429_伟伟说投资_大额存单“高配版”：5年到期保证年化4%？_175031_20260503_212841.md,已经是目标格式
ready,output_md/香港储蓄险/伟伟说投资_130万如何变2100万？高净值家庭都在用的“富三代”底牌_20260426_190131.md,output_md/香港储蓄险/260426_伟伟说投资_130万如何变2100万？高净值家庭都在用的“富三代”底牌_190131.md,可改名
ready,output_md/香港储蓄险/伟伟说投资_40岁规划，退休每月多领5000元的养老金方案_20260426_190122.md,output_md/香港储蓄险/260426_伟伟说投资_40岁规划，退休每月多领5000元的养老金方案_190122.md,可改名
ready,output_md/香港储蓄险/伟伟说投资_60岁交，61岁立刻领钱，每月2200，应该怎么做呢？_20260426_190127.md,output_md/香港储蓄险/260426_伟伟说投资_60岁交，61岁立刻领钱，每月2200，应该怎么做呢？_190127.md,可改名
ready,output_md/香港储蓄险/伟伟说投资_上亿中产被收割！港险要从6.5%降到6.0%？_20260427_155920.md,output_md/香港储蓄险/260427_伟伟说投资_上亿中产被收割！港险要从6.5%降到6.0%？_155920.md,可改名
ready,output_md/香港储蓄险/伟伟说投资_别再把压岁钱存银行了！DeepSeek跑出抗通胀方案，建议家..._20260426_190133.md,output_md/香港储蓄险/260426_伟伟说投资_别再把压岁钱存银行了！DeepSeek跑出抗通胀方案，建议家..._190133.md,可改名
ready,output_md/香港储蓄险/伟伟说投资_同样存100万，能撬动多少现金流？内部表格公开_20260427_155926.md,output_md/香港储蓄险/260427_伟伟说投资_同样存100万，能撬动多少现金流？内部表格公开_155926.md,可改名
ready,output_md/香港储蓄险/伟伟说投资_存100万利息才1.5万？换个存法，10万！_20260427_155925.md,output_md/香港储蓄险/260427_伟伟说投资_存100万利息才1.5万？换个存法，10万！_155925.md,可改名
ready,output_md/香港储蓄险/伟伟说投资_手里有100万，千万别存银行了_20260427_155922.md,output_md/香港储蓄险/260427_伟伟说投资_手里有100万，千万别存银行了_155922.md,可改名
ready,output_md/香港储蓄险/伟伟说投资_攒够120万，买份香港储蓄险，每月7000元舒服躺平退休_20260426_190128.md,output_md/香港储蓄险/260426_伟伟说投资_攒够120万，买份香港储蓄险，每月7000元舒服躺平退休_190128.md,可改名
ready,output_md/香港储蓄险/伟伟说投资_新加坡神秘富豪（21亿保单）：最好的遗产是孩子成为自己_20260426_190126.md,output_md/香港储蓄险/260426_伟伟说投资_新加坡神秘富豪（21亿保单）：最好的遗产是孩子成为自己_190126.md,可改名
ready,output_md/香港储蓄险/伟伟说投资_用8倍杠杆实现富传三代！为什么中产家庭都在配置终身寿险？_20260426_190124.md,output_md/香港储蓄险/260426_伟伟说投资_用8倍杠杆实现富传三代！为什么中产家庭都在配置终身寿险？_190124.md,可改名
ready,output_md/香港储蓄险/伟伟说投资_过了50岁手里有闲钱，别瞎折腾！4%-7%固收养老金，次月即..._20260426_190135.md,output_md/香港储蓄险/260426_伟伟说投资_过了50岁手里有闲钱，别瞎折腾！4%-7%固收养老金，次月即..._190135.md,可改名
ready,output_md/香港储蓄险/伟伟说投资_银行理财不到2%，它敢承诺8%？_20260427_155923.md,output_md/香港储蓄险/260427_伟伟说投资_银行理财不到2%，它敢承诺8%？_155923.md,可改名
ready,output_md/香港储蓄险/多财Global_保证单利6.11%，保证IRR3.53%，2026王炸港险来..._20260426_190102.md,output_md/香港储蓄险/260426_多财Global_保证单利6.11%，保证IRR3.53%，2026王炸港险来..._190102.md,可改名
ready,output_md/香港储蓄险/小冯妮儿聊港险_保证年化单利5.01%，比银行定存香太多了……_20260427_155918.md,output_md/香港储蓄险/260427_小冯妮儿聊港险_保证年化单利5.01%，比银行定存香太多了……_155918.md,可改名
ready,output_md/香港储蓄险/小冯妮儿聊港险_香港版增额寿，保证复利3.5%，锁定未来30年利息，100万..._20260426_190112.md,output_md/香港储蓄险/260426_小冯妮儿聊港险_香港版增额寿，保证复利3.5%，锁定未来30年利息，100万..._190112.md,可改名
ready,output_md/香港储蓄险/崔伟说投资_全球股票市场连续大跌！香港保险“稳稳的幸福”才是避风港！_20260426_190108.md,output_md/香港储蓄险/260426_崔伟说投资_全球股票市场连续大跌！香港保险“稳稳的幸福”才是避风港！_190108.md,可改名
ready,output_md/香港储蓄险/崔伟说投资_复利3.5%，到期单利高达6.11%！全部保证写入合同！香港..._20260426_190110.md,output_md/香港储蓄险/260426_崔伟说投资_复利3.5%，到期单利高达6.11%！全部保证写入合同！香港..._190110.md,可改名
ready,output_md/香港储蓄险/崔伟说投资_黄金股市双暴跌，真正避险资产在哪？香港储蓄险为何成为“定海神..._20260426_190106.md,output_md/香港储蓄险/260426_崔伟说投资_黄金股市双暴跌，真正避险资产在哪？香港储蓄险为何成为“定海神..._190106.md,可改名
ready,output_md/香港储蓄险/有态度的精蒜湿_一边领钱花，一边本金翻倍？解密现象级港险的「现金流魔法」_20260426_190117.md,output_md/香港储蓄险/260426_有态度的精蒜湿_一边领钱花，一边本金翻倍？解密现象级港险的「现金流魔法」_190117.md,可改名
ready,output_md/香港储蓄险/有态度的精蒜湿_你说只有我知道？花2年给全家四口人存了个“ATM 机”！_20260426_190120.md,output_md/香港储蓄险/260426_有态度的精蒜湿_你说只有我知道？花2年给全家四口人存了个“ATM 机”！_190120.md,可改名
ready,output_md/香港储蓄险/有态度的精蒜湿_只需2年，搞定教育金+赡养金+退休金，3代人现金流自由！_20260426_190119.md,output_md/香港储蓄险/260426_有态度的精蒜湿_只需2年，搞定教育金+赡养金+退休金，3代人现金流自由！_190119.md,可改名
ready,output_md/香港储蓄险/有态度的精蒜湿_汇率焦虑破局：人民币牛市下的港险配置最优解_20260427_155919.md,output_md/香港储蓄险/260427_有态度的精蒜湿_汇率焦虑破局：人民币牛市下的港险配置最优解_155919.md,可改名
ready,output_md/香港储蓄险/港险圈研究院_9年净赚一倍多，年化13.74%：这个“杠杆工具”，正在悄悄..._20260426_183349.md,output_md/香港储蓄险/260426_港险圈研究院_9年净赚一倍多，年化13.74%：这个“杠杆工具”，正在悄悄..._183349.md,可改名
ready,output_md/香港储蓄险/港险圈研究院_中东战火未停，全球财富洗牌已至：动荡时代下的资产保命攻略~_20260426_190114.md,output_md/香港储蓄险/260426_港险圈研究院_中东战火未停，全球财富洗牌已至：动荡时代下的资产保命攻略~_190114.md,可改名
ready,output_md/香港储蓄险/港险圈研究院_全球多项第一！香港金融实力杀疯了，2026全面爆发_20260426_183350.md,output_md/香港储蓄险/260426_港险圈研究院_全球多项第一！香港金融实力杀疯了，2026全面爆发_183350.md,可改名
ready,output_md/香港储蓄险/港险圈研究院_央行精准踩刹，人民币暴涨又回调，有跨境需求者的资产保卫战该怎..._20260426_190115.md,output_md/香港储蓄险/260426_港险圈研究院_央行精准踩刹，人民币暴涨又回调，有跨境需求者的资产保卫战该怎..._190115.md,可改名
ready,output_md/香港储蓄险/港险圈研究院_孩子定居国外，父母的钱怎么给？拆解跨境传承的致命bug~_20260503_162218.md,output_md/香港储蓄险/260503_港险圈研究院_孩子定居国外，父母的钱怎么给？拆解跨境传承的致命bug~_162218.md,可改名
ready,output_md/香港储蓄险/港险宝宝PRO_49岁香港演员林子聪“用买房的钱买香港保险”刷屏！都是为了孩..._20260426_190052.md,output_md/香港储蓄险/260426_港险宝宝PRO_49岁香港演员林子聪“用买房的钱买香港保险”刷屏！都是为了孩..._190052.md,可改名
ready,output_md/香港储蓄险/港险宝宝PRO_乱世买黄金不再避险！港险的“安全溢价”弥足珍贵！_20260427_155913.md,output_md/香港储蓄险/260427_港险宝宝PRO_乱世买黄金不再避险！港险的“安全溢价”弥足珍贵！_155913.md,可改名
ready,output_md/香港储蓄险/港险宝宝PRO_颠覆行业降维打击！“116+557”提取，分红储蓄险的“新一..._20260426_190053.md,output_md/香港储蓄险/260426_港险宝宝PRO_颠覆行业降维打击！“116+557”提取，分红储蓄险的“新一..._190053.md,可改名
ready,output_md/香港储蓄险/港险宝宝PRO_黄金、白银、美元、股市剧烈波动，什么才是真正的安全感？_20260426_190055.md,output_md/香港储蓄险/260426_港险宝宝PRO_黄金、白银、美元、股市剧烈波动，什么才是真正的安全感？_190055.md,可改名
ready,output_md/香港储蓄险/港险渠道_炮火下的“避风港”：迪拜神话崩塌，香港保险成全球资本新锚点_20260426_190104.md,output_md/香港储蓄险/260426_港险渠道_炮火下的“避风港”：迪拜神话崩塌，香港保险成全球资本新锚点_190104.md,可改名
ready,output_md/香港储蓄险/港险渠道_英伟达涨、特斯拉跌：你的财富需要一份“不看行情”的保障_20260426_190105.md,output_md/香港储蓄险/260426_港险渠道_英伟达涨、特斯拉跌：你的财富需要一份“不看行情”的保障_190105.md,可改名
ready,output_md/香港储蓄险/蓝星探险_2387亿天坑，苏宁张近东资产清零！中国老板最缺的一堂保命课_20260426_190100.md,output_md/香港储蓄险/260426_蓝星探险_2387亿天坑，苏宁张近东资产清零！中国老板最缺的一堂保命课_190100.md,可改名
ready,output_md/香港储蓄险/蓝星探险_6000万信托给女儿留了一辈子现金流，沈殿霞教你怎么做传承_20260426_190059.md,output_md/香港储蓄险/260426_蓝星探险_6000万信托给女儿留了一辈子现金流，沈殿霞教你怎么做传承_190059.md,可改名
ready,output_md/香港储蓄险/蓝星探险_上海独生女，2亿遗产离婚被分走6800万，资产隔离有多重要_20260427_155915.md,output_md/香港储蓄险/260427_蓝星探险_上海独生女，2亿遗产离婚被分走6800万，资产隔离有多重要_155915.md,可改名
ready,output_md/香港储蓄险/蓝星探险_不同提领方式，收益天差地别_20260426_190057.md,output_md/香港储蓄险/260426_蓝星探险_不同提领方式，收益天差地别_190057.md,可改名
ready,output_md/香港储蓄险/蓝星探险_香港保险的神级提领方案，你知道几个？_20260426_190058.md,output_md/香港储蓄险/260426_蓝星探险_香港保险的神级提领方案，你知道几个？_190058.md,可改名
ready,output_md/香港储蓄险/长城港险_别只盯着标普500了！这只机构独享的MARC5%指数，普通人..._20260426_183347.md,output_md/香港储蓄险/260426_长城港险_别只盯着标普500了！这只机构独享的MARC5%指数，普通人..._183347.md,可改名
ready,output_md/香港储蓄险/长城港险_手里有300万闲钱，是提前还贷，还是买份香港储蓄险？_20260427_155916.md,output_md/香港储蓄险/260427_长城港险_手里有300万闲钱，是提前还贷，还是买份香港储蓄险？_155916.md,可改名
