title,url,mp_name,rejected_type,rejected_reason,rejected_time
银行 “保本型理财” 的水有多深？亏钱背后的真相，一文给你讲明白,https://mp.weixin.qq.com/s/6v2C4hwX9zCHYoyWUwhi9g,港险圈研究院,🙅‍ 不选,标题讨论的是'银行保本型理财'，与我们香港储蓄险业务无关，属于明确的非相关主题。,2025-07-20 21:00:03
太保新品金如意，保证复利1.5%+直付内地养老社区，可惜有3个猫腻,https://mp.weixin.qq.com/s/4lXlvxXpf-tkL2QcdIcDTg,小冯妮儿聊港险,🙅‍ 不选,标题提及'太保新品金如意'，属于内地保险产品，与我们香港储蓄险业务无关。,2025-07-20 21:00:03
注意！税局对个人境外收入严查风暴来袭，香港保险能否独善其身？,https://mp.weixin.qq.com/s/dmjrzrlICnXqLVHv7v8b6A,心水保,🙅‍ 不选,标题涉及'税局对个人境外收入严查'和'香港保险能否独善其身'，属于税务研讨类内容，存在政策风险，必须无条件排除。,2025-07-20 21:00:04
数据揭秘丨买多少保险才能住得起养老社区,https://mp.weixin.qq.com/s/taDgY6QcAWkO5oih3Ip4sg,Pippo的金融笔记,⛔ 看文章再确定,标题提及'保险'和'养老社区'，但未明确是否与香港保险相关，需要阅读文章以判断其可复用价值。,2025-07-20 21:00:04
30年预期翻至6.2倍，7月爆款新品上线！,https://mp.weixin.qq.com/s/exXwgpk5IkjwPdsjthWrzw,香港投资风向标,➿ 钩子文章,标题包含具体数字（6.2倍）和'爆款新品'的诱惑性描述，但未点明具体产品，符合钩子文章的定义。,2025-07-20 21:00:04
回本快过存银行？2年缴费，3年回本，收益碾压老牌巨头？,https://mp.weixin.qq.com/s/_V65RFGWyQiDU0L_Pm7vyw,港险渠道,➿ 钩子文章,标题包含具体数字（2年缴费、3年回本）和收益对比，但未点明具体产品，属于典型的钩子文章形式。,2025-07-20 21:00:04
CRS监管+海外投资征税升级，买香港保险要交税吗？,https://mp.weixin.qq.com/s/oP3frk_GpLssIjLjZVFOBw,蓝星探险,🙅‍ 不选,标题涉及'CRS监管'和'海外投资征税'，属于高危政策风险内容，必须无条件排除。,2025-07-20 21:00:04
香港宏利保险公司APP，更改受益人流程,https://mp.weixin.qq.com/s/kRoChGxd_l3_mY-dRUbK4A,香港保险行业资讯,🙅‍ 不选,标题涉及具体APP操作流程（更改受益人），属于技术性内容，无法提供增量信息或吸引精准流量，与核心业务无关。,2025-07-20 21:03:28
香港万通保险公司APP，更改受益人流程,https://mp.weixin.qq.com/s/OFMweNz5SlfjnsuUwAmZwQ,香港保险行业资讯,🙅‍ 不选,标题涉及具体APP操作流程（更改受益人），属于技术性内容，无法提供增量信息或吸引精准流量，与核心业务无关。,2025-07-20 21:03:28
香港友邦保险公司APP，更改受益人流程,https://mp.weixin.qq.com/s/AL2wTllseN8af2iMIIax9w,香港保险行业资讯,🙅‍ 不选,标题涉及具体APP操作流程（更改受益人），属于技术性内容，无法提供增量信息或吸引精准流量，与核心业务无关。,2025-07-20 21:03:28
香港保诚保险公司APP，绑定香港银行自动扣款保费流程,https://mp.weixin.qq.com/s/E9-vfZG7FZnc9aadX_ijsA,香港保险行业资讯,🙅‍ 不选,标题涉及具体APP操作流程（绑定银行自动扣款），属于技术性内容，无法提供增量信息或吸引精准流量，与核心业务无关。,2025-07-20 21:03:28
香港万通保险公司APP，绑定香港银行自动扣款保费流程,https://mp.weixin.qq.com/s/BVYBgNDiFRJGngCCMaG5Xw,香港保险行业资讯,🙅‍ 不选,标题涉及具体APP操作流程（绑定银行自动扣款），属于技术性内容，无法提供增量信息或吸引精准流量，与核心业务无关。,2025-07-20 21:03:28
如果保险公司倒闭了，我的香港保单怎么办？,https://mp.weixin.qq.com/s/nfrLQOeJ-6DhpyNxQ7HM0Q,港险渠道,🙅‍ 不选,标题涉及保险公司倒闭的系统性风险，属于负面信息，可能对品牌形象产生不利影响，且无法提供增量信息，故归类为不选。,2025-07-20 21:03:28
体检“一堆毛病”？宏利宏伴重疾险，高发病症全覆盖，还有源源不断现金流！,https://mp.weixin.qq.com/s/NTfPFEyiXq-G2lZlQ7zAxw,港险研究院,🙅‍ 不选,标题提及'重疾险'，与我们核心关注的香港储蓄险业务无关，属于明确的非相关主题，应排除。,2025-07-20 21:41:38
大步迈向世界第一！香港如此，香港保险亦如此！,https://mp.weixin.qq.com/s/-wThOyVPS-m23MQUZqW1PA,港险宝宝PRO,⛔ 看文章再确定,标题虽提及'香港保险'，但内容过于泛泛，未明确提及具体产品或增量信息，需进一步阅读以判断其价值。,2025-07-20 21:41:38
稳定币风暴来袭，普通人如何把握机遇？,https://mp.weixin.qq.com/s/8PHFX4DZCAQCcsTLHzYU4A,港险圈研究院,🙅‍ 不选,标题涉及'稳定币'，属于政策风险排除列表中的高危词汇，与香港保险业务无关，必须剔除。,2025-07-20 22:38:05
想靠来香港插班逃离内卷，没想到更卷了,https://mp.weixin.qq.com/s/9DwmCoA6JlXI5oy5Pqk6nA,小冯妮儿的财富日记,🙅‍ 不选,标题内容与香港保险无关，属于生活记录类，无业务价值。,2025-07-20 22:38:05
"宗馥莉遭""私生子""起诉21亿美元信托：高净值家庭传承的三大致命陷阱",https://mp.weixin.qq.com/s/dGiyPddmaRPYTjIYatRyoQ,小冯妮儿的财富日记,⛔ 看文章再确定,标题涉及高净值家庭传承话题，但未明确关联香港保险，需进一步判断其可复用价值。,2025-07-20 22:38:05
如何一年赚 1000 万？,https://mp.weixin.qq.com/s/q0KBCqZS4KretI5BTZFM-A,小冯妮儿的财富日记,🙅‍ 不选,标题内容与香港保险无关，属于泛理财话题，无业务价值。,2025-07-20 22:38:05
"美元指数跌破97！高净值人群的""危机""还是""机遇""？",https://mp.weixin.qq.com/s/yyqcqBBrBD93AHSPA4SnjA,小冯妮儿的财富日记,⛔ 看文章再确定,标题涉及美元指数和高净值人群，但未明确关联香港保险，需进一步判断其可复用价值。,2025-07-20 22:38:06
人民币冲破7.18，现在换美元去投保香港保险，有汇率风险吗？,https://mp.weixin.qq.com/s/Ew-SvsvGeEk4jJyMkEjpPA,小冯妮儿港险案例库,🙅‍ 不选,标题涉及'换美元'和'汇率风险'，属于政策风险排除列表中的'换汇'和'外汇管制'相关内容，对账号安全构成威胁，必须无条件剔除。,2025-07-20 22:38:06
2年保证回本，5年保证单利4.75%，比银行定存高3.6倍！,https://mp.weixin.qq.com/s/byFAOR-ld4ZhnTcd5ltrww,小冯妮儿聊港险,➿ 钩子文章,标题包含具体数字（2年回本、4.75%单利）和对比（比银行定存高），但未明确提及香港保险公司或产品名称，属于钩子文章。,2025-07-20 22:38:06
最新！跨境支付通香港银行由6家增至17家！,https://mp.weixin.qq.com/s/uay9c-lFYcc27p831aCNnw,小冯妮儿聊港险,🙅‍ 不选,标题涉及'跨境支付通'，属于政策风险排除列表中的高危词汇，对账号安全构成威胁，必须无条件剔除。,2025-07-20 22:38:06
秒到账！「跨境支付通」香港银行增至17家！买香港保险更方便！,https://mp.weixin.qq.com/s/heUMp-bHYeHedD5aWsFBCQ,港险优选专家,🙅‍ 不选,标题涉及'跨境支付通'，属于政策风险排除列表中的高危词汇，对账号安全构成威胁，必须无条件剔除。,2025-07-20 22:38:06
速看！多地税局严查个人境外收入！你的香港保险会受影响吗？,https://mp.weixin.qq.com/s/KL6oUl5qgkZhJJhICXcLcA,港险优选专家,🙅‍ 不选,标题涉及'税局严查个人境外收入'，属于政策风险排除列表中的'税务研讨'相关内容，对账号安全构成威胁，必须无条件剔除。,2025-07-20 22:38:06
港险七月后告别 “收益内卷”：新战场拼什么？,https://mp.weixin.qq.com/s/j0k-GffIsYVKNOJNgvOFpw,心水保,⛔ 看文章再确定,标题讨论'港险七月后'的变化，但未明确涉及具体产品或增量信息，需要进一步阅读文章以判断其可复用价值。,2025-07-20 22:38:06
香港银行卡开户攻略 | 内地居民如何轻松拿下香港银行账户？（附汇丰、中银开户流程）,https://mp.weixin.qq.com/s/lpzrkRBXCj87KmtAmIhJJw,心水保,🙅‍ 不选,标题涉及'香港银行卡开户攻略'和'汇丰、中银开户流程'，属于开户类型内容，涉及两地政策风险，不能选。,2025-07-20 22:38:06
分红险两项新规丨给零分红打好预防针,https://mp.weixin.qq.com/s/_rjeDrGjH8gbQoVvGPRZYw,Pippo的金融笔记,⛔ 看文章再确定,标题讨论'分红险两项新规'，但未明确涉及具体产品或增量信息，需要进一步阅读文章以判断其可复用价值。,2025-07-20 22:38:06
立Q五年期保险丨最高保证收益4.75%（海报自提）,https://mp.weixin.qq.com/s/sijNSw7PRB8dMxGi2xdSTw,Pippo的金融笔记,⛔ 看文章再确定,标题提及'立Q五年期保险'，但未明确说明是否为香港保险，需要进一步阅读文章以判断其可复用价值。,2025-07-20 22:38:06
2025年，澳门总共有13家保险公司,https://mp.weixin.qq.com/s/lKTGlnpEQQ48ikI7necogw,香港保险行业资讯,🙅‍ 不选,标题涉及澳门保险公司，与香港保险业务无关。,2025-07-20 22:38:06
重磅利好！「跨境支付通」香港银行已增至17家！（附完整操作指引）,https://mp.weixin.qq.com/s/8U5HyeuN0URIHO6w8KRfzw,香港投资风向标,🙅‍ 不选,标题涉及'跨境支付通'，属于开户内容，属于高危类型的内容，涉及政策风险。,2025-07-20 22:38:06
娃哈哈更多内幕曝光，宗馥莉危险了,https://mp.weixin.qq.com/s/--B6tSYJeuH3tAzt2Zd-qg,胡胡的全球笔记,🙅‍ 不选,标题与香港保险无关，属于无价值内容。,2025-07-20 22:38:06
年化8%-9%，无脑搞钱的躺平策略...,https://mp.weixin.qq.com/s/kYkSdniROpcCDIx2UcCYLw,胡胡的全球笔记,🙅‍ 不选,标题未明确指向香港保险，且涉及高风险投资策略，属于无价值内容。,2025-07-20 22:38:06
分红实现率100%的AAA巨头，意大利王炸来了,https://mp.weixin.qq.com/s/S3ILQJ6jdZc-TNuk6Lgo3A,胡胡的全球笔记,🙅‍ 不选,标题涉及意大利保险公司，与香港保险业务无关。,2025-07-20 22:38:06
必开港卡top1，99.99%成功率~,https://mp.weixin.qq.com/s/co1dXP0SEFwZH8uu4PRxzw,胡胡的全球笔记,🙅‍ 不选,标题涉及香港银行开户，属于高危类型的内容，涉及政策风险。,2025-07-20 22:38:06
豪门争产大瓜！700亿帝国背后，更多内幕曝光！,https://mp.weixin.qq.com/s/ZUJ4kuEIfJHLctaeAq66sQ,港险渠道,🙅‍ 不选,标题涉及'豪门争产'和'700亿帝国'，属于财富传承范畴，但未明确指向香港保险或相关金融产品，且内容可能偏八卦性质，不符合我们的核心业务需求。,2025-07-20 22:38:06
从娃哈哈21亿美金风波看财富传承新思路,https://mp.weixin.qq.com/s/hR-1pxvFrg7ccbTlCHPsnw,港险渠道,⛔ 看文章再确定,标题提及'财富传承新思路'，可能与香港保险相关，但需要进一步阅读文章以确认其是否提供有价值的增量信息或具体产品分析。,2025-07-20 22:38:06
汇丰邮寄卡片如何激活？,https://mp.weixin.qq.com/s/UtOcy7Wp018RRRxdNbRSUQ,leesin境外咨询笔记,🙅‍ 不选,标题涉及'汇丰邮寄卡片激活'，属于银行开户或卡片使用攻略，与香港保险业务无关，且可能涉及政策风险。,2025-07-20 22:38:06
重疾险和医疗险拒赔的真相,https://mp.weixin.qq.com/s/nufq7pEevpoTDjxk-8NrnA,leesin境外咨询笔记,⛔ 看文章再确定,标题提及'重疾险和医疗险拒赔'，可能涉及保险行业通用逻辑，但需要进一步阅读以确认是否与香港储蓄险相关或有可复用价值。,2025-07-20 22:38:06
境外券商、私行都在推的 FCN（固定票息票据）到底有什么猫腻？,https://mp.weixin.qq.com/s/YJP_udDBo7L92R8ypZ_Ifw,港险研究院,🙅‍ 不选,标题涉及'FCN（固定票息票据）'，属于金融衍生品范畴，与香港保险业务无关，且可能涉及政策风险。,2025-07-20 22:38:06
假如宗庆后太太当初这么做，或许就没有私生子女什么事~,https://mp.weixin.qq.com/s/NkR3MKiB3FulIaUL4v4Z0g,港险研究院,🙅‍ 不选,标题涉及财富传承的八卦性质内容，未明确指向香港保险或相关金融产品，且内容可能偏个人化和情绪化，不符合业务需求。,2025-07-20 22:38:06
内地豪客628亿背后的挪储暗战,https://mp.weixin.qq.com/s/U_ySmfniRIcIXbQu8hPsdA,港险研究院,⛔ 看文章再确定,标题提及'挪储暗战'，可能与香港保险相关，但需要进一步阅读以确认是否提供有价值的增量信息或具体产品分析。,2025-07-20 22:38:06
招聘 | 港险研究院研究助理岗位,https://mp.weixin.qq.com/s/7Ca7CLoG6tIB7FG1iGOsIA,港险研究院,🙅‍ 不选,标题为招聘信息，与香港保险业务无关，不符合内容分类需求。,2025-07-20 22:38:07
集团背书，布局全球：一文告诉你，为什么要选择多财投资,https://mp.weixin.qq.com/s/ZE2KdQW6eg9g8BhDgqHLEw,多财Global,🙅‍ 不选,标题提及'多财投资'，未明确指向香港保险或相关金融产品，且内容可能偏广告性质，不符合业务需求。,2025-07-20 22:38:07
一篇文章说清楚稳定币,https://mp.weixin.qq.com/s/_1ulR9hFgVTA_sRRPY5nWQ,蓝星探险,🙅‍ 不选,标题涉及'稳定币'，属于政策风险排除范围，且与香港保险无关，必须剔除。,2025-07-20 22:38:07
这代码绝了！富卫1828“一发二发一路发”，开启财富新征程！,https://mp.weixin.qq.com/s/GrA2S7J592nRsssPuJCnXw,香港保险圈,⛔ 看文章再确定,标题提及富卫和'一发二发一路发'，但内容不明确是否与具体产品相关，需要阅读文章以判断其可复用价值。,2025-07-20 22:38:07
“娃哈哈宗馥莉和同父异母三弟妹21亿美元遗产纠纷”的思考和出路！,https://mp.weixin.qq.com/s/s9FZOSKC3pCscHTzymfeQg,港险宝宝PRO,⛔ 看文章再确定,标题提及遗产纠纷，可能涉及家族信托或保险规划，但内容不明确是否与香港保险相关，需要阅读文章以判断其可复用价值。,2025-07-20 22:38:07
“伪家族信托” 和 “地下香港保单”！,https://mp.weixin.qq.com/s/7y2NQuVeBI1MJBkMFNe8oA,港险宝宝PRO,🙅‍ 不选,标题涉及'伪家族信托'和'地下香港保单'，属于政策风险排除范围，必须剔除。,2025-07-20 22:38:07
宗庆后的继承之战，给香港保险提了个醒,https://mp.weixin.qq.com/s/3F-v8NrlIzy6N7_tr8_lnQ,特别分子Mark,⛔ 看文章再确定,标题提及继承之战和香港保险，但内容不明确是否与具体产品相关，需要阅读文章以判断其可复用价值。,2025-07-20 22:38:07
4143万「家族信托」被击穿，我真的担心…,https://mp.weixin.qq.com/s/OXLngVi4ZzFJrmLLwsyzOQ,特别分子Mark,🙅‍ 不选,标题涉及'家族信托'被击穿，属于政策风险排除范围，必须剔除。,2025-07-20 22:38:07
万一活到100岁，怎样才算「蛮好的人生」？,https://mp.weixin.qq.com/s/RLaMeVnAkEa7neyhwag9EA,特别分子Mark,⛔ 看文章再确定,标题涉及养老规划，但内容不明确是否与香港保险相关，需要阅读文章以判断其可复用价值。,2025-07-20 22:38:07
4年超保费，终身分红，“蛮好的人生”蛮好的~,https://mp.weixin.qq.com/s/ae8_hBEdukzJqdGH8jzcGQ,木木小财女,⛔ 看文章再确定,标题提到'终身分红'，但未明确提及香港保险产品名称或公司，需要通过文章内容进一步确认是否与香港储蓄险业务相关，并判断其可复用价值。,2025-07-20 22:38:07
4年回本，终身分红，“蛮好的人生”蛮好的~,https://mp.weixin.qq.com/s/UMW9tYj_dcrW9h8pYCHDjw,木木小财女,⛔ 看文章再确定,标题提到'4年回本'和'终身分红'，但未明确提及香港保险产品名称或公司，需要通过文章内容进一步确认是否与香港储蓄险业务相关，并判断其可复用价值。,2025-07-20 22:38:07
永明万年青星河 尊享II、传承 II：6.5% 时代，收溢稳、功能全、传承强的新标杆来了！,,未知公众号,匹配失败,无法找到相似度超过95%的原始文章,2025-07-20 22:38:07
富卫上市大礼包！「盈J天下」无门槛优惠高达33.5%，再送5.56%美元定存！,,未知公众号,匹配失败,无法找到相似度超过95%的原始文章,2025-07-20 22:38:07
利率不断下降，复利 7%的香港储蓄险被追捧，值不值得买？,https://mp.weixin.qq.com/s/HFs99KmLj5VGEMjw3q0GJw,多财Global,已删除,"文章已被删除或无法访问，生成了""未命名文章""",2025-07-20 22:48:59
利率不断下降，复利 7%的香港储蓄险被追捧，值不值得买？,https://mp.weixin.qq.com/s/HFs99KmLj5VGEMjw3q0GJw,多财Global,已删除,"文章已被删除或无法访问，生成了""未命名文章""",2025-07-20 22:48:59
利率不断下降，复利 7%的香港储蓄险被追捧，值不值得买？,https://mp.weixin.qq.com/s/HFs99KmLj5VGEMjw3q0GJw,多财Global,已删除,"文章已被删除或无法访问，生成了""未命名文章""",2025-07-20 22:48:59
利率不断下降，复利 7%的香港储蓄险被追捧，值不值得买？,https://mp.weixin.qq.com/s/HFs99KmLj5VGEMjw3q0GJw,多财Global,已删除,"文章已被删除或无法访问，生成了""未命名文章""",2025-07-20 22:48:59
利率不断下降，复利 7%的香港储蓄险被追捧，值不值得买？,https://mp.weixin.qq.com/s/HFs99KmLj5VGEMjw3q0GJw,多财Global,已删除,"文章已被删除或无法访问，生成了""未命名文章""",2025-07-20 22:48:59
房产、存款、股票…CRS下谁最“危”？香港保险为何仍是精英资产配置必选项？,https://mp.weixin.qq.com/s/eItLYV3mR9pwOUtR3uq0cQ,港险圈研究院,🙅‍ 不选,标题包含高危词汇'CRS'，属于政策风险排除范畴，必须无条件归类为不选。,2025-07-20 23:39:30
「跨境支付通」强势升级！17 家香港银行任选，秒到账让港险购买超方便！,https://mp.weixin.qq.com/s/fRhsmO33JXbepFtY54K2yw,心水保,🙅‍ 不选,标题涉及'跨境支付通'，属于高危词汇列表中的内容，涉及政策风险，必须无条件归类为不选。,2025-07-20 23:39:30
香港保诚保险公司APP，更改受益人流程,https://mp.weixin.qq.com/s/p8Qf_UJ2J-TuIvEX04kzHw,香港保险行业资讯,⛔ 看文章再确定,标题提及香港保险公司（保诚）和APP操作流程，但内容是否能为香港储蓄险业务提供有价值的增量信息不明确，需要阅读文章以判断其可复用价值。,2025-07-20 23:39:30
香港友邦保险公司APP，绑定香港银行自动扣款保费流程,https://mp.weixin.qq.com/s/-JuyW-lbAYBaDhS9Mx__vQ,香港保险行业资讯,⛔ 看文章再确定,标题提及香港保险公司（友邦）和APP操作流程，但内容是否能为香港储蓄险业务提供有价值的增量信息不明确，需要阅读文章以判断其可复用价值。,2025-07-20 23:39:30
香港宏利保险公司APP，绑定香港银行自动扣款保费流程,https://mp.weixin.qq.com/s/PVCvkPWnFXYHs8z-y-HMFQ,香港保险行业资讯,⛔ 看文章再确定,标题提及香港保险公司（宏利）和APP操作流程，但内容是否能为香港储蓄险业务提供有价值的增量信息不明确，需要阅读文章以判断其可复用价值。,2025-07-20 23:39:30
65岁养老破局：香港保单6.5%复利+内地高端社区入住权，中产逆袭新方案,https://mp.weixin.qq.com/s/nUWlPJnw6PTPMliit5w_OA,港险圈研究院,已删除,"文章已被删除或无法访问，生成了""未命名文章""",2025-07-22 01:39:47
剑指全球财富管理头把交椅！香港正以 35.1 万亿体量、81% 净流入暴增强势领跑,https://mp.weixin.qq.com/s/INGXV7mDRrbDg8EFKnE7RQ,心水保,🙅‍ 不选,标题涉及宏观财富管理数据，未直接关联香港保险产品或客户决策，属于非相关主题。,2025-07-22 01:39:54
香港保险要交税？CRS 监管趋严 + 海外征税升级，答案看这里！,https://mp.weixin.qq.com/s/18blUN3kjB0G5ggORoJ7Sw,心水保,🙅‍ 不选,标题提及'CRS'和'海外征税'，属于政策风险排除列表中的高危词汇，必须无条件剔除。,2025-07-22 01:39:54
一张20年前的保单告诉你，保险值得信赖！,https://mp.weixin.qq.com/s/LVGsN33XkVXW1_DJHBlKJg,Pippo的金融笔记,⛔ 看文章再确定,标题未明确提及香港保险或具体产品，需进一步判断是否涉及香港保险的可复用信息。,2025-07-22 01:39:54
加仓50万！,https://mp.weixin.qq.com/s/TycnITwebJaQR_vl54fN7w,胡胡的全球笔记,⛔ 看文章再确定,标题过于简短，未明确关联香港保险或具体场景，需进一步判断内容价值。,2025-07-22 01:39:54
港美股开户暑假活动,https://mp.weixin.qq.com/s/7XzQbKpFCgCkvgv4r6uTSQ,leesin境外咨询笔记,🙅‍ 不选,标题涉及'港美股开户'，属于非相关主题，必须排除。,2025-07-22 01:39:54
多次反转，但宗馥莉一定会赢？3种传承工具一次说清！,https://mp.weixin.qq.com/s/b75yXms0rX3JjlpyoTc7cw,木木小财女,⛔ 看文章再确定,标题提及'传承工具'但未明确关联香港保险，需进一步判断是否涉及香港保险的可复用信息。,2025-07-22 01:39:54
15年2倍，20年3倍，30年6倍！国寿海外「傲L盛世」闪亮登场！,https://mp.weixin.qq.com/s/FDJqgAC2zW3u4qEN8VURrA,港险宝宝PRO,已删除,"文章已被删除或无法访问，生成了""未命名文章""",2025-07-28 13:41:25
新消息！香港友邦将在8月上调「盈御多元货币计划3」预期收益，彻底把港险市场搞炸了！,https://mp.weixin.qq.com/s/TRnkdOdsxrLmsrbdS-KSKA,小冯妮儿港险案例库,已删除,"文章已被删除或无法访问，生成了""未命名文章""",2025-08-05 11:09:19
收藏帖！香港各大保险公司APP下载指南,https://mp.weixin.qq.com/s/xwDS-GL7bnnlteRotsdExA,长城港险,已删除,"文章已被删除或无法访问，生成了""未命名文章""",2025-08-05 11:34:24
现在买保险，越来越没有性价比了,https://mp.weixin.qq.com/s/yz49xqcw8lUtYz6Msd9JYQ,小冯妮儿的财富日记,⛔ 看文章再确定,标题未明确提及香港保险或具体产品，且内容较模糊，需进一步阅读以判断是否与香港储蓄险业务相关。,2025-08-05 11:38:13
国内保险预定利率下调至 2%，低息意味着什么？解读日本失落的三十年,https://mp.weixin.qq.com/s/tFMJ24G4u2Zr_FV8NYaKVw,小冯妮儿的财富日记,🙅‍ 不选,标题提及'国内保险'和'日本失落的三十年'，属于内地保险和宏观经济话题，与香港储蓄险业务无关。,2025-08-05 11:38:14
被客户截胡、被金主PUA、被同行背刺——为什么我还愿意做香港保险？,https://mp.weixin.qq.com/s/JiOcuOOrnuX_jtqYN6GdPA,小冯妮儿的财富日记,⛔ 看文章再确定,标题虽提及'香港保险'，但内容偏向个人经历和情绪表达，需进一步判断是否能提炼出有价值的客户痛点或行业洞察。,2025-08-05 11:38:14
香港人说，他们人均 10 个保单,https://mp.weixin.qq.com/s/TnBSLcm8TRvoXoJm26LRtA,小冯妮儿的财富日记,⛔ 看文章再确定,标题提及'香港'和'保单'，但未明确指向储蓄险或具体产品，需阅读文章以判断其内容价值。,2025-08-05 11:38:14
亲测！跨境支付通内地和香港互相汇款秒到账，0手续费，3 步搞定！,https://mp.weixin.qq.com/s/ygeL9XV9egJwdfAnGXvU8A,小冯妮儿港险案例库,🙅‍ 不选,标题涉及'跨境支付通'和'汇款'，属于政策风险内容（外汇相关），需无条件排除。,2025-08-05 11:38:14
微信支付新突破：内地用户单日可转账20万至香港，保费缴纳更便捷！！,https://mp.weixin.qq.com/s/l0r_o5JyQZJRmGhSYpASvQ,小冯妮儿港险案例库,🙅‍ 不选,标题涉及'转账'和'保费缴纳'，属于政策风险内容（外汇相关），需无条件排除。,2025-08-05 11:38:14
又有一批港险经纪人要跑路了？小冯妮儿团队陪你到底！,https://mp.weixin.qq.com/s/0jjc0pMoVRS5heHfbHQFVQ,小冯妮儿聊港险,⛔ 看文章再确定,标题提及'港险经纪人'，但内容偏向行业动态或个人宣传，需进一步判断是否能提炼出通用逻辑或客户痛点。,2025-08-05 11:38:14
生娃，国家奖10800块，它直接给4万，这羊毛不薅？,https://mp.weixin.qq.com/s/krlgeIuFWakyPdjrLa0vow,小冯妮儿聊港险,➿ 钩子文章,标题包含具体数字（10800、4万）和利益点，但未明确指向香港保险，符合钩子文章的特征。,2025-08-05 11:38:14
买香港保险，钱回内地真的很丝滑！,https://mp.weixin.qq.com/s/dYk2iLrZ8N4CxD_xDavbzQ,小冯妮儿聊港险,🙅‍ 不选,标题涉及'钱回内地'，属于政策风险内容（外汇相关），需无条件排除。,2025-08-05 11:38:14
华夏人寿被清算丨下一家会轮到谁？,https://mp.weixin.qq.com/s/jtX91n_Bygsjhe1yeTXWew,Pippo的金融笔记,🙅‍ 不选,标题涉及'华夏人寿'和'清算'，属于内地保险公司层面的风险事件，与香港储蓄险业务无关。,2025-08-05 11:38:14
国债恢复征税对保险行业的影响,https://mp.weixin.qq.com/s/f4Wu_YmpBY-qtSqElfoE8w,Pippo的金融笔记,🙅‍ 不选,标题涉及'国债'和'征税'，属于政策风险内容（税务相关），需无条件排除。,2025-08-05 11:38:14
盘盘那些停更的保险公司和背后的事,https://mp.weixin.qq.com/s/azqG6dFboTg2hwdCFQh4og,Pippo的金融笔记,⛔ 看文章再确定,标题提及'保险公司'，但未明确指向香港保险，需进一步判断是否能提炼出行业洞察或客户痛点。,2025-08-05 11:38:14
利率下调丨再也没有人给我推教育金保险了！,https://mp.weixin.qq.com/s/roBhS6_MDLdD5vRMNBINVw,Pippo的金融笔记,🙅‍ 不选,标题提及'教育金保险'，属于内地保险话题，与香港储蓄险业务无关。,2025-08-05 11:38:14
香港保险的钱回内地，实测可行还合规的方法，居然有10种？,https://mp.weixin.qq.com/s/2zJ-U6MB5pAesFPC1KFJIQ,香港投资风向标,🙅‍ 不选,标题涉及资金回流内地的方法，可能涉及跨境资金流动和政策风险，属于高危内容，必须剔除。,2025-08-05 11:38:14
利息税来了，谁也跑不掉！,https://mp.weixin.qq.com/s/j52dtgVMLE2uQmEA5SbXaw,胡胡的全球笔记,🙅‍ 不选,标题涉及税务问题，属于政策风险内容，必须剔除。,2025-08-05 11:38:14
国家出手了，历史首次，发钱！,https://mp.weixin.qq.com/s/8vBeH6bUGTwfYO6kYNRWbQ,胡胡的全球笔记,🙅‍ 不选,标题涉及国家政策，可能涉及敏感话题，属于政策风险内容，必须剔除。,2025-08-05 11:38:14
亏惨了，境外补税后倒亏16万!,https://mp.weixin.qq.com/s/MQwUtwTz7TP5GnwIi97_hA,胡胡的全球笔记,🙅‍ 不选,标题涉及税务问题，属于政策风险内容，必须剔除。,2025-08-05 11:38:14
英伟达被约谈，芯片有漏洞？港险有没？,https://mp.weixin.qq.com/s/fjfkgMVzk0GJAPnyCI1R3g,港险渠道,🙅‍ 不选,标题涉及非保险主题（芯片），且关联性不明确，属于非相关主题，必须剔除。,2025-08-05 11:38:14
屡错风口的中老年人，该如何投资？,https://mp.weixin.qq.com/s/OTkiXgHXpSGo8ZZEPdCuqA,港险研究院,⛔ 看文章再确定,标题涉及中老年人投资，但未明确指向香港保险，需要阅读文章以判断其是否能为香港储蓄险业务提供有价值的信息。,2025-08-05 11:38:14
2%的预定利率...内地保险还值得买吗？,https://mp.weixin.qq.com/s/CPLUI1E7Id4FnciRlfUkCw,特别分子Mark,🙅‍ 不选,标题明确提及'内地保险'，与我们的核心业务'香港分红险'不直接相关，属于明确的非相关主题。,2025-08-05 11:38:14
反常跳升！美元还能涨回来吗？,https://mp.weixin.qq.com/s/DQr2S9mSdPChEM-SCHwssg,木木小财女,🙅‍ 不选,标题讨论美元汇率波动，属于外汇或宏观经济话题，与香港保险业务无关。,2025-08-05 11:38:14
年化5%月月领钱，市场独一份！,https://mp.weixin.qq.com/s/UBgeYqbM59au2fWUGnArgg,木木小财女,➿ 钩子文章,标题包含具体数字（5%）和理财场景（月月领钱），但未明确提及香港保险产品，符合钩子文章的定义。,2025-08-05 11:38:14
买就送5%美元定存，这家新科上市保司有点壕…,https://mp.weixin.qq.com/s/BmmFY36miumZUmbnmyDywQ,木木小财女,⛔ 看文章再确定,标题提到'5%美元定存'和'新科上市保司'，可能涉及香港保险公司，但未明确产品名称或具体功能，需进一步阅读文章以判断其价值。,2025-08-05 11:38:14
CRS时代下的税务规划秘籍：高净值人士必看！,https://mp.weixin.qq.com/s/2iV5R8brQEi42z85InB0-A,港险圈研究院,🙅‍ 不选,标题涉及高危词汇“CRS”“税务规划”，属于政策风险内容，必须无条件排除。,2025-08-16 16:20:32
生娃不止国家补！各地新政+最高4万的“红包”，这届父母的福利藏在这里！,https://mp.weixin.qq.com/s/8H74E113vTbWvAJLV6L0yA,港险圈研究院,🙅‍ 不选,标题与香港保险无关，属于社会福利/政策类信息，和业务无关，应排除。,2025-08-16 16:20:32
国债利息要交税了！你的钱袋子将受这些影响，港险成为 “免税避风港”？,https://mp.weixin.qq.com/s/B10hhPxgj3k43eOb9rnq6Q,心水保,🙅‍ 不选,标题涉及“交税”和“免税避风港”，属于政策风险类内容，必须剔除。,2025-08-16 16:20:32
降息会更猛烈，化债任重道远,https://mp.weixin.qq.com/s/OcKuyA_ctpZH06yGTiDU5g,Pippo的金融笔记,🙅‍ 不选,标题涉及宏观经济和降息话题，没有明确指向香港保险产品，属于无关内容。,2025-08-16 16:20:32
内地与香港丨利率差距竟如此之大！,https://mp.weixin.qq.com/s/7j0iGpUiUQPBnJu3xYaVvw,Pippo的金融笔记,⛔ 看文章再确定,标题涉及内地与香港利率差距，但未明确指向保险产品，可能与保险配置逻辑相关，需要进一步阅读确认。,2025-08-16 16:20:32
为啥亏了还得补税？境外收入追缴风暴，香港保单安全吗？看完不慌！,https://mp.weixin.qq.com/s/BYPlbs7C0L5flJcc5dEYLg,长城港险,🙅‍ 不选,标题涉及税务追缴和境外收入，属于政策风险类内容，必须剔除。,2025-08-16 16:20:32
从普信暴雷到保单被执行，你的保单在射程内吗？,https://mp.weixin.qq.com/s/pOwsjdirjvNx63qiEL65TQ,长城港险,⛔ 看文章再确定,标题涉及保险公司暴雷和保单执行，可能涉及系统性风险或客户担忧，需要进一步阅读确认是否与香港储蓄险相关。,2025-08-16 16:20:33
紧急提醒！高才通随时会关门，抓住最后窗口期！,https://mp.weixin.qq.com/s/0JsXnYacpTTDP8jtiOhGQg,香港投资风向标,🙅‍ 不选,标题涉及高才通政策，属于跨境政策风险范畴，必须排除。,2025-08-16 16:20:33
有望突破5万美元限额？,https://mp.weixin.qq.com/s/thx6xCVkRhnJrpR6qm8Mjw,香港投资风向标,🙅‍ 不选,标题涉及外汇额度（5万美元限额），属于政策风险内容，必须排除。,2025-08-16 16:20:33
普通人只有5万美金额度，宗家是如何转移18亿美金的？,https://mp.weixin.qq.com/s/Lq3_2aLboSMBOiDfMk_bhw,胡胡的全球笔记,🙅‍ 不选,标题涉及外汇额度和资金转移，属于政策风险内容，必须排除。,2025-08-16 16:20:33
低利率=烂产品? 真相颠覆认知！,https://mp.weixin.qq.com/s/k37-MmhE3yCqNXUB728pxQ,胡胡的全球笔记,⛔ 看文章再确定,标题提出低利率与产品质量的关系，但未明确指向香港保险或具体产品，需要进一步阅读文章确认是否能提炼出有价值的增量信息。,2025-08-16 16:20:33
不玩了，躺着赚钱更香...,https://mp.weixin.qq.com/s/_E6bxT7LNxNNcyvG8PaoiQ,胡胡的全球笔记,⛔ 看文章再确定,标题模糊，没有明确指向香港保险或理财场景，需进一步阅读文章确认是否与香港储蓄险相关。,2025-08-16 16:20:33
特朗普要把关税飙到250%？美股跌懵了，印度外资暴跌99%！,https://mp.weixin.qq.com/s/169W29AXHHcqC9K-92R3Kw,港险渠道,🙅‍ 不选,标题涉及国际政治和股市，与香港保险无关，属于明确的非相关主题。,2025-08-16 16:20:33
震惊，《孙子兵法》早说透了港险..,https://mp.weixin.qq.com/s/0ynkbQbbYRUWpww4NREd_g,港险研究院,⛔ 看文章再确定,标题使用夸张修辞，将《孙子兵法》与港险联系，但具体内容和价值不明确，需要进一步阅读文章判断是否能提炼出有价值的客户痛点或逻辑。,2025-08-16 16:20:33
震惊，《孙子兵法》早说透了港险..,https://mp.weixin.qq.com/s/0ynkbQbbYRUWpww4NREd_g,港险研究院,⛔ 看文章再确定,标题虽然提及'港险'，但整体表达比较模糊，借用《孙子兵法》做类比，无法直接判断是否包含具体产品测评或缺陷揭示，需要进一步阅读文章确认其是否能提炼出有价值的客户痛点或决策逻辑。,2025-08-16 16:20:33
躺平收息，安全稳健收益这样来！盈透证券购买国债全攻略，请收好~,https://mp.weixin.qq.com/s/n9if-rUrD2o2mQQZPAqA8w,港险研究院,🙅‍ 不选,标题涉及'盈透证券'和'国债'，与香港保险无关，属于非相关主题，直接排除。,2025-08-16 16:20:33
CRS风暴来袭！这份海外资产和境外所得避税攻略，请收好！,https://mp.weixin.qq.com/s/3Zz_1eil7S8pKYgNo1lmLg,多财Global,🙅‍ 不选,标题涉及'CRS'和'避税'，属于政策风险最高级别内容，必须无条件排除。,2025-08-16 16:20:33
太保世代悦享2：入住养老社区、中资保司人民币保单的最佳选择!,https://mp.weixin.qq.com/s/4pjzaNByPmqbOfQU_QnwFA,蓝星探险,🙅‍ 不选,标题涉及'太保世代悦享2'，但这是内地保险产品（人民币保单），与香港保险无关，需排除。,2025-08-16 16:20:33
深度揭秘IUL保险！一个只涨不跌的投资神器,https://mp.weixin.qq.com/s/PUzLSCskMjnjurjV2VxPCg,蓝星探险,⛔ 看文章再确定,标题提及'IUL保险'，但未明确是否为香港IUL，可能是泛指或内地内容，需要进一步阅读文章确认是否与香港保险相关。,2025-08-16 16:20:33
全面征税时代，来了,https://mp.weixin.qq.com/s/TRS73-8G2p4efG2VG32iVA,蓝星探险,🙅‍ 不选,标题涉及'征税'，属于政策风险高危词汇，必须无条件排除。,2025-08-16 16:20:33
董事长扎堆跳楼，香港保险可以做资产隔离吗？,https://mp.weixin.qq.com/s/cAs8EBgPcj-wMytuw5DoCA,蓝星探险,⛔ 看文章再确定,标题涉及'董事长跳楼'（负面社会新闻）和'香港保险资产隔离'，前半部分可能是噱头，后半部分可能有价值，需要进一步阅读文章确认是否能提炼出增量信息。,2025-08-16 16:20:33
内地保险预定利率降至2.0%，一个新的时代来了！,https://mp.weixin.qq.com/s/Qj1PnuEQjgCxbPXQEmAEnw,蓝星探险,🙅‍ 不选,标题聚焦于内地保险利率调整，与香港保险无直接关联，属于非相关主题，应剔除。,2025-08-16 16:20:33
内地保险保单成被执行资产，被法院直接划扣！,https://mp.weixin.qq.com/s/AZgXlNg_G5pfijRBj7O6vA,港险宝宝PRO,🙅‍ 不选,标题涉及内地保险司法风险，与香港保险无关，属于非相关主题，应剔除。,2025-08-16 16:20:33
最怕的事情还是来了，房东们请小心！,https://mp.weixin.qq.com/s/UKGPpJKJsC9npUXHphMbQg,特别分子Mark,🙅‍ 不选,标题聚焦房东与房地产风险，与香港保险无关，属于非相关主题，应剔除。,2025-08-16 16:20:33
扛不住了，理财收益全面降低？！,https://mp.weixin.qq.com/s/2u1TzPBN0f3NNvWJpRBuiQ,特别分子Mark,🙅‍ 不选,标题泛指理财收益下降，未涉及香港保险，属于无关内容，应剔除。,2025-08-16 16:20:33
过去20年的中国人，富得太路径依赖了？,https://mp.weixin.qq.com/s/p4-eo6fns8-kvWtLKqCwnQ,特别分子Mark,🙅‍ 不选,标题为社会经济评论，与香港保险无关，属于无价值内容，应剔除。,2025-08-16 16:20:33
强制全民社保，来的正好,https://mp.weixin.qq.com/s/39WFxVbgYt-OA8JFbMzsxA,木木小财女,🙅‍ 不选,标题讨论的是内地社保政策，与香港保险无关，属于非相关主题，直接排除。,2025-08-16 16:20:33
保险，变成了现代版的“香火钱”？,https://mp.weixin.qq.com/s/bsbpslOPcZ6455_6cvhGTw,木木小财女,⛔ 看文章再确定,标题模糊，仅从标题无法判断是否与香港保险相关，可能是情绪化表达或隐喻，需要进一步查看文章内容才能确定是否有可复用价值。,2025-08-16 16:20:33
3亿人瓜分社保养老金，史上最大退休潮来了…,https://mp.weixin.qq.com/s/FAzBhue7Sjp6veta3hFCLA,木木小财女,🙅‍ 不选,标题聚焦于内地社保养老金和退休潮，与香港保险无关，属于非相关主题，直接排除。,2025-08-16 16:20:34
国债征税，或许只是个开始......,https://mp.weixin.qq.com/s/Ee6WF_v5axkf6QEJ-K-j9Q,木木小财女,🙅‍ 不选,标题涉及“征税”，属于政策风险高危词汇，必须无条件排除。,2025-08-16 16:20:34
内地储蓄险利率下调至2%，香港储蓄险 6.5%被疯抢,,未知公众号,匹配失败,无法找到相似度超过95%的原始文章,2025-08-16 16:20:34
美联储9月降息丨配置港险要抓紧！,https://mp.weixin.qq.com/s/Lf1_kpK08VhwGuCEJyOTZA,Pippo的金融笔记,已删除,"文章已被删除或无法访问，生成了""未命名文章""",2025-08-16 18:20:47
深圳找房记,https://mp.weixin.qq.com/s/u3JomSt3_mRxkjEm73YxTg,有态度的精蒜湿,🙅‍ 不选,标题与香港保险无关，属于房地产/生活记录类内容，对业务无益。,2025-08-16 18:24:57
人在囧途~,https://mp.weixin.qq.com/s/7HtjoYaptvxtuPu6oNDuoQ,有态度的精蒜湿,🙅‍ 不选,标题纯属个人情绪或生活记录，与香港保险无关，无业务价值。,2025-08-16 18:24:58
2025年，香港总共有31家保险公司,https://mp.weixin.qq.com/s/A2JnrXgn4kk-ltVvnTMQfA,香港保险行业资讯,⛔ 看文章再确定,标题仅陈述香港保险公司数量，是否能提炼出有价值的客户痛点或决策逻辑不明确，需要进一步阅读文章判断。,2025-08-16 18:24:58
入围2025年世界500强的香港保险公司,https://mp.weixin.qq.com/s/F85LYBiUyT791hxfh8PDKw,香港保险行业资讯,⛔ 看文章再确定,标题涉及排名信息，可能有权威背书价值，但是否能转化为客户决策逻辑不明确，需要进一步阅读文章判断。,2025-08-16 18:24:58
震惊，《孙子兵法》早说透了港险..,https://mp.weixin.qq.com/s/ZtZD5nZYPeIEiBPqfRurNQ,港险研究院,⛔ 看文章再确定,标题虽提及“港险”，但整体是噱头化的比喻（孙子兵法），无法直接判断是否有实质性增量信息，需要进一步阅读文章确认。,2025-08-16 18:24:58
内地储蓄险利率下调至2%，香港储蓄险 6.5%被疯抢,,未知公众号,匹配失败,无法找到相似度超过95%的原始文章,2025-08-16 18:24:58
美联储降息预期91%丨配置港险需抓紧！,https://mp.weixin.qq.com/s/2BdLf4bmR6zqXK-omKGwMg,Pippo的金融笔记,🙅‍ 不选,标题核心是'美联储降息预期'，涉及宏观货币政策与利率走势，属于政策及金融市场敏感话题，存在较高的政策风险。虽然后半句提及'配置港险'，但整体内容仍然以政策和宏观经济为主导，按照守门员规则应直接排除。,2025-08-16 18:35:41
安达保费融资丨6年复利超10%！,https://mp.weixin.qq.com/s/sHBDO8ZNzUJp9s7R_DZHdw,Pippo的金融笔记,⛔ 看文章再确定,标题涉及'安达'（香港保险公司），但重点在'保费融资'，可能涉及杠杆或融资操作，存在一定风险或复杂性，需要进一步阅读文章确认是否安全且有价值。,2025-08-16 19:17:58
友邦/保诚/宏利/富卫/周大福/国寿/太平洋，7大香港保司APP使用指南,https://mp.weixin.qq.com/s/ECjvVHqIHuCm4Qy_qCVFGw,蓝星探险,⛔ 看文章再确定,标题涉及多家香港保险公司，但内容是APP使用指南，是否能提炼出对客户有价值的决策逻辑不明确，需要进一步阅读。,2025-08-16 19:17:58
内地储蓄险利率下调至2%，香港储蓄险 6.5%被疯抢,,未知公众号,匹配失败,无法找到相似度超过95%的原始文章,2025-08-16 19:17:58
解惑香港保险：分红怎么提？续保怎么缴？理赔怎么申请？一篇讲清！,https://mp.weixin.qq.com/s/cOOF20z1ERgxYkEN6L7A4A,港险圈研究院,已删除,"文章已被删除或无法访问，生成了""未命名文章""",2025-08-16 23:48:50
香港保险2025 | 降息周期下的三大新风口与一个终极变量,https://mp.weixin.qq.com/s/C6yhgti8qxQbobxTaAULqA,有态度的精蒜湿,已删除,"文章已被删除或无法访问，生成了""未命名文章""",2025-09-06 21:05:40
香港分红险能实现吗？揭秘“最好保本投资”真相：十大安全机制护航！,https://mp.weixin.qq.com/s/h9x6Ggk3gyowOdf2a_g_IQ,港险优选专家,已删除,"文章已被删除或无法访问，生成了""未命名文章""",2025-09-06 23:29:28
王牌升级！超级玛丽15号重疾险全解析！,https://mp.weixin.qq.com/s/QzmxlbISqR85OBA0374ixw,崔伟说投资,🙅‍ 不选,标题涉及的“超级玛丽15号重疾险”是内地重疾险产品，与香港储蓄险业务无关，因此直接排除。,2025-09-06 23:31:40
狼来了？影响有钱人钱袋子的理财税，终于来了?!,https://mp.weixin.qq.com/s/DCqHzOeQDt0hIyGIpi8ucw,崔伟说投资,🙅‍ 不选,标题涉及“理财税”，属于税务相关的高危政策风险内容，必须无条件排除。,2025-09-06 23:31:40
全国10.7亿参保人请注意！国家刚刚宣布重大消息，你的养老金有救了！,https://mp.weixin.qq.com/s/RTISWqqHg2f-Tgb8_x0p1Q,崔伟说投资,🙅‍ 不选,标题涉及全国养老金政策，属于内地社保体系，与香港保险无关，直接排除。,2025-09-06 23:31:40
三款美式分红对比：交完即领钱，每年领取5%！,https://mp.weixin.qq.com/s/9tN829VOsTD1C1njDsH32A,崔伟说投资,⛔ 看文章再确定,标题提到“三款美式分红”并有收益描述，但未明确指向香港保险公司或产品，需要进一步阅读确认是否与香港分红险相关。,2025-09-06 23:31:40
骨折、阑尾炎也能赔的重疾险！大黄蜂16号（旗舰版）强势上线！,https://mp.weixin.qq.com/s/qaRKLXEv-EVlPPjYsLOevw,崔伟说投资,🙅‍ 不选,标题涉及“大黄蜂16号”重疾险，为内地健康险产品，与香港储蓄险业务无关，直接排除。,2025-09-06 23:31:40
男人真他妈的累，大事小事！,https://mp.weixin.qq.com/s/NYMt0bitBgDx49miC5AMVw,有态度的精蒜湿,🙅‍ 不选,标题为纯情绪化的个人生活感慨，与保险或金融无关，直接排除。,2025-09-06 23:31:40
泼天的财富？我刚从香港回来，带回了数字货币+保险的全部内幕！,https://mp.weixin.qq.com/s/RNcDbe3vJQZR-N3grzEiLw,有态度的精蒜湿,🙅‍ 不选,标题涉及“数字货币”，属于高危政策风险领域（稳定币/虚拟货币相关），必须无条件排除。,2025-09-06 23:31:40
财富管理圈巨变！我组建了一个“智囊天团”，涉信托、出海、税务、Web3…,https://mp.weixin.qq.com/s/LGhiyf7xKgCkAEaDm37sVg,有态度的精蒜湿,🙅‍ 不选,标题涉及“税务”和“Web3”，均属于高危政策风险领域，必须无条件排除。,2025-09-06 23:31:41
抱歉！我整合了信托、出海、税务、Web3…专家，全给你！,https://mp.weixin.qq.com/s/nTOi5gpnBU8vTILPoJGejg,有态度的精蒜湿,🙅‍ 不选,标题涉及“税务”和“Web3”，均属于高危政策风险领域，必须无条件排除。,2025-09-06 23:31:41
踩坑后，我发起了港硕申请团！50人成团，用集体力量压价避坑~,https://mp.weixin.qq.com/s/NQNlt_be-mZLCiQRkpRqqg,有态度的精蒜湿,🙅‍ 不选,标题涉及“港硕申请”，属于香港留学领域，与香港保险无关，直接排除。,2025-09-06 23:31:41
香港读研，爆了！,https://mp.weixin.qq.com/s/-Een3TJQSjv1tByklJzZ_g,有态度的精蒜湿,🙅‍ 不选,标题涉及香港读研，属于教育领域，与香港保险无关，直接排除。,2025-09-06 23:31:41
9年IRR超10%！低利率时代保费融资全攻略 | 四家银行政策深度PK,https://mp.weixin.qq.com/s/AtxFcX8l2mmUcLLB75MlYQ,有态度的精蒜湿,⛔ 看文章再确定,标题涉及保费融资和银行政策PK，可能与香港保险相关，但未明确指向香港保险公司或产品，需要进一步阅读确认。,2025-09-06 23:31:41
金融老炮是怎么把1000万亏掉的？,https://mp.weixin.qq.com/s/JVb5BgIeD8lx52L6gHWe3A,有态度的精蒜湿,🙅‍ 不选,标题为泛金融投资亏损故事，没有明确指向香港保险或储蓄险场景，直接排除。,2025-09-06 23:31:41
"零利率到位！""开创未来2""：7年躺赚131%",https://mp.weixin.qq.com/s/6Z5qYbumLFULqwcOlrOY1w,有态度的精蒜湿,⛔ 看文章再确定,标题提到“开创未来2”可能是保险产品名，但未明确是否为香港保险产品，需要进一步阅读确认。,2025-09-06 23:31:41
割肉2700点，踏空3800点：最惨的不是买白酒的人，而是.....,https://mp.weixin.qq.com/s/iiL4ywPD78JbMu8YJSmKMg,有态度的精蒜湿,🙅‍ 不选,标题涉及股市投资情绪，与香港保险无关，直接排除。,2025-09-06 23:31:41
持有美元并不是持有美元资产，美元定存不是最优解,https://mp.weixin.qq.com/s/JDYObTOUMob5dVa7ymBXRQ,小冯妮儿聊港险,🙅‍ 不选,标题讨论美元资产与美元定存的投资属性，未涉及香港保险或相关产品，属于非相关主题，应剔除。,2025-09-06 23:31:41
为何选保险丨山药省的城投债7.4%，你敢买么？,https://mp.weixin.qq.com/s/JodzlbFrVj93XkLmdxNpfg,Pippo的金融笔记,🙅‍ 不选,标题讨论城投债，与香港保险无关，属于非相关主题。,2025-09-06 23:31:41
视频教程丨10秒搞定计划书和保费融资压力测试,https://mp.weixin.qq.com/s/P6FkRQyGg087hPRxDqSNqA,Pippo的金融笔记,⛔ 看文章再确定,标题涉及计划书和保费融资压力测试，但未明确与香港保险产品直接关联，需要查看文章内容确认是否有可复用的增量信息。,2025-09-06 23:31:41
8月不买重疾险，9月真的会买不到吗？,https://mp.weixin.qq.com/s/M6pHWxPPAcP6El1PtXcYKw,Pippo的金融笔记,🙅‍ 不选,标题讨论重疾险购买时机，但未明确与香港保险相关，且可能为内地保险内容，相关性不足。,2025-09-06 23:31:41
从赚10%到追涨杀跌：我的新手炒股踩坑血泪史,https://mp.weixin.qq.com/s/OXIRfiFVWCnBU2dIyNzHpA,胡胡的全球笔记,🙅‍ 不选,标题内容完全围绕炒股经历，与香港保险业务无关，属于明确的非相关主题，应剔除。,2025-09-06 23:31:41
傻子比散户，更容易在牛市赚钱！,https://mp.weixin.qq.com/s/I7DxnpbVmdZo8MidQG6w6g,胡胡的全球笔记,🙅‍ 不选,标题讨论股市投资心理，与香港保险业务无关，属于非相关主题。,2025-09-06 23:31:41
新韭菜等不到了...,https://mp.weixin.qq.com/s/HrdQ8y8sAOckzMGFXvQbkw,胡胡的全球笔记,🙅‍ 不选,标题模糊且明显指向股市投资语境（韭菜），与香港保险无关，属于非相关主题。,2025-09-06 23:31:41
涨29%，该出手了...,https://mp.weixin.qq.com/s/2NmtLNUvNh9YCxC1EydG_w,胡胡的全球笔记,🙅‍ 不选,标题虽有数字，但无明确保险或理财养老场景，且语境更贴近股票/投机类内容，属于非相关主题。,2025-09-06 23:31:41
中国年轻人拼命考公，日本年轻人却抢着辞职...,https://mp.weixin.qq.com/s/88deDp7PkJsD89GAogG_iQ,胡胡的全球笔记,🙅‍ 不选,标题讨论社会就业现象，与香港保险业务无关，属于非相关主题。,2025-09-06 23:31:41
IBKR已经收紧大陆居民开户,https://mp.weixin.qq.com/s/MbDrUKzOwPqkP1ue8LlnOg,leesin境外咨询笔记,🙅‍ 不选,标题涉及IBKR开户政策，属于跨境开户类内容，存在政策风险，应剔除。,2025-09-06 23:31:41
别只盯着港险了，这种“收租”资产可能更香！,https://mp.weixin.qq.com/s/65MBwlzM-XZ_pYFSF1JiMQ,港险研究院,🙅‍ 不选,标题虽然提到港险，但核心在于推荐其他类型的收租资产，与香港保险产品分析无关，且无法直接为业务创造信息不对称。,2025-09-06 23:31:41
单利、复利、IRR你搞懂了没？一文说透！,https://mp.weixin.qq.com/s/4G1ApnFeOyRVLxwgm6ZYBQ,港险研究院,⛔ 看文章再确定,标题涉及金融计算概念（单利、复利、IRR），但未明确与香港保险直接关联，需要查看文章内容判断是否能提炼出与储蓄险相关的客户决策逻辑。,2025-09-06 23:31:41
100w存人民币和存美元，到底哪个更划算？,https://mp.weixin.qq.com/s/8xi6IF_z8Qik-gBg5DSl2g,蓝星探险,🙅‍ 不选,标题讨论人民币与美元存款收益对比，与香港保险无直接关联，属于非相关主题。,2025-09-06 23:31:41
9年4.09%！终期红利“逆袭”之作！,https://mp.weixin.qq.com/s/tz07NVcpZSKAZ97uiJJgzA,香港保险圈,⛔ 看文章再确定,标题包含收益率和红利相关描述，但未明确指向香港保险产品，需要查看文章内容确认是否与储蓄险相关。,2025-09-06 23:31:42
240万！保诚赔钱了！,https://mp.weixin.qq.com/s/WWvClJTYDvDF2kcQUG1W9Q,港险宝宝PRO,⛔ 看文章再确定,标题提及香港保险公司'保诚'和赔付事件，但未明确是理赔案例、投资亏损还是其他情况，无法直接判断是否能提炼出有价值的客户痛点，需要阅读文章进一步确认。,2025-09-06 23:31:42
全面围堵，和美股说再见...,https://mp.weixin.qq.com/s/MEQ53Px2HKjU9U-Se2w7vA,特别分子Mark,🙅‍ 不选,标题主题为美股投资限制，与香港保险无直接关联，属于非相关主题，应剔除。,2025-09-06 23:31:42
到底有谁在银行买保险？,https://mp.weixin.qq.com/s/uaKmKYnW6xGNg98kKNmC4w,木木小财女,⛔ 看文章再确定,标题未明确指向香港保险，可能涉及内地或其他地区的银行保险销售，需要阅读文章确认是否与香港储蓄险业务相关。,2025-09-06 23:31:42
炸裂了！| 苏黎世新品保底派息3%，上不封顶~,https://mp.weixin.qq.com/s/DfAnQSIvliECdKhLumIqqA,有态度的精蒜湿,已删除,"文章已被删除或无法访问，生成了""未命名文章""",2025-09-19 01:41:47
美元降息，国有大行利率加速破1%？！普通人如何守住钱袋子？,https://mp.weixin.qq.com/s/2LtfI30Oq5I7ws2iPK3-vg,崔伟说投资,🙅‍ 不选,标题涉及美元降息和国有大行利率，与香港保险无直接关联，属于宏观经济及银行利率类话题，对业务无益。,2025-09-19 01:55:47
7家银行已经官宣破产倒闭，存款取不出来?去存钱务必知道这4点，否则千万别存!,https://mp.weixin.qq.com/s/SQxhZ3Zagy7C5dmxkAjWlA,崔伟说投资,🙅‍ 不选,标题涉及银行破产倒闭，属于系统性风险（银行层面），与香港储蓄险业务无关。,2025-09-19 01:55:47
余额宝跌破1%，创历史新低！存钱赚利息的时代结束了吗？,https://mp.weixin.qq.com/s/ImJMCpVef0A_fYWViSDGFQ,崔伟说投资,🙅‍ 不选,标题讨论余额宝收益率，与香港保险无关，属于纯理财产品话题。,2025-09-19 01:55:47
国家队「逆天」增额寿杀疯了！保底2%，每年10万领到老，实现养老自由！,https://mp.weixin.qq.com/s/LPVmnW9jFomAR5sjQGH0KA,崔伟说投资,🙅‍ 不选,标题虽涉及保险，但为内地增额寿产品（国家队），与香港保险无关。,2025-09-19 01:55:47
银行还有利率4%的特殊存款？！银行不会说，跟风存可能血本无归，存款保险也救不了,https://mp.weixin.qq.com/s/jpyoZ8WO0AlA-tZ-pVjNRA,崔伟说投资,🙅‍ 不选,标题讨论银行存款利率及风险，与香港保险无关。,2025-09-19 01:55:47
当月买下月领！2025超快速年金，派息4%-8%,https://mp.weixin.qq.com/s/_twbKwp_OvxU82n4mwOYGQ,崔伟说投资,⛔ 看文章再确定,标题涉及年金产品但未明确是否为香港保险，需查看文章确认是否与香港储蓄险相关。,2025-09-19 01:55:47
10月开始，家里存款有50万的朋友要当心了!这3件事尽快做!否则要吃亏!,https://mp.weixin.qq.com/s/ENvnJE7Di2jTOpfgaXO-zg,崔伟说投资,🙅‍ 不选,标题为泛理财提醒，未涉及香港保险，属于无关内容。,2025-09-19 01:55:47
马云再次预言，2026年手里有存款的人，或将面临2大难题?务必要解决!,https://mp.weixin.qq.com/s/OL59DKC1TNApg6igr77pIg,崔伟说投资,🙅‍ 不选,标题为宏观经济预测类，与香港保险无关。,2025-09-19 01:55:47
10万存5年，轻松躺赚100万？！揭秘让银行都沉默的存钱妙招,https://mp.weixin.qq.com/s/q5P1r0hnxELWjBbsMddpgA,崔伟说投资,🙅‍ 不选,标题为夸张理财收益宣传，未涉及香港保险，且可能涉及夸大收益风险。,2025-09-19 01:55:47
央企背景 银行信誉丨中银王炸年金，3年回血每年领5万+4%利滚利，破局银行低息,https://mp.weixin.qq.com/s/i5uwAc8w526NLIBVf4c0FQ,崔伟说投资,⛔ 看文章再确定,标题涉及'中银'年金产品，但未明确是否为香港中银人寿产品，需查看文章确认。,2025-09-19 01:55:47
香港，越来越好！,https://mp.weixin.qq.com/s/UyRcJq2sx29fW4cBdJsRLA,有态度的精蒜湿,🙅‍ 不选,标题过于宽泛，未涉及香港保险或相关金融产品，缺乏业务相关性。,2025-09-19 01:55:47
好消息！入境记录现已恢复正常，赴港开户不再耽误！附备选方案~,https://mp.weixin.qq.com/s/Rb6eTd3TRpkLsAUHmxBEQg,港险圈研究院,🙅‍ 不选,标题涉及赴港开户，开户类内容属于高危政策风险，必须剔除。,2025-09-19 01:55:47
港险资金进出全攻略：钱怎么合法出去？又如何合规回来？,https://mp.weixin.qq.com/s/VXtHP14LM35M157U5GpExQ,港险圈研究院,🙅‍ 不选,标题涉及资金跨境进出，属于高危政策风险（外汇管制相关），必须剔除。,2025-09-19 01:55:47
美联储降息倒计时！美元存款、香港保险、美债、人民币汇率将迎来重大调整！,https://mp.weixin.qq.com/s/dKKrYwq9OX6STupbf1vmWA,小冯妮儿聊港险,⛔ 看文章再确定,标题虽提及香港保险，但整体为宏观经济预测类，需查看文章确认是否有可复用的香港保险决策信息。,2025-09-19 01:55:48
如果保险公司破产丨不同保单不同命,https://mp.weixin.qq.com/s/Ao4PTHj02KOBrCeiU5O7mg,Pippo的金融笔记,⛔ 看文章再确定,标题涉及保险公司破产，但未明确是否为香港保险公司，需查看文章确认是否有可复用的香港保险决策信息。,2025-09-19 01:55:48
去香港请人手开一个众安ZA Bank！附开户指引,https://mp.weixin.qq.com/s/lOLYpy46zwEDVamsW5BR4w,长城港险,🙅‍ 不选,标题涉及香港银行开户，开户类内容属于高危政策风险，必须剔除。,2025-09-19 01:55:48
经济不好，连投资都怕了？试试这种“躺平也能赢”的保险策略,https://mp.weixin.qq.com/s/M--qWUOnBNVTR4u5jmm1Gg,长城港险,⛔ 看文章再确定,标题涉及保险策略但未明确是否为香港保险，需查看文章确认。,2025-09-19 01:55:48
有医保， 生了大病依然治不起…,https://mp.weixin.qq.com/s/QOITcxWcZjUEpMFjFORW1A,胡胡的全球笔记,⛔ 看文章再确定,标题涉及医疗保障不足的痛点，但未明确与香港保险关联，需要查看文章内容判断是否能提炼出与香港储蓄险相关的增量信息。,2025-09-19 01:55:48
经济下行期，劝大家多存钱...,https://mp.weixin.qq.com/s/MT_5DuTe1naOo1Tg4dfIEA,胡胡的全球笔记,🙅‍ 不选,标题为泛泛的理财建议，与香港保险无直接关联，缺乏可复用的业务价值。,2025-09-19 01:55:48
罗永浩又创历史了，63个字干翻西贝！,https://mp.weixin.qq.com/s/RCTg4dXuWUixeDG340H6Ew,胡胡的全球笔记,🙅‍ 不选,标题为娱乐或商业八卦，与香港保险无关。,2025-09-19 01:55:48
2015牛市启示录：散户在牛市怎么亏钱的？,https://mp.weixin.qq.com/s/3PTxNZEk7s3ZtKdQD0bH1w,胡胡的全球笔记,🙅‍ 不选,标题涉及股票投资，与香港保险无关。,2025-09-19 01:55:48
五年后，500万投哪类资产最值钱？,https://mp.weixin.qq.com/s/4PSn8hZDVgycwh6LQ9sLVg,胡胡的全球笔记,⛔ 看文章再确定,标题涉及资产配置，但未明确与香港保险关联，需要查看文章内容判断是否有可复用的香港保险投资逻辑。,2025-09-19 01:55:48
3.1 亿扫货 1 万枚 ETH！万通保险打响区块链保险第一枪,https://mp.weixin.qq.com/s/8b7_PtBKYdxIisW4XhByuQ,港险渠道,🙅‍ 不选,标题涉及ETH和区块链，属于高危领域（加密货币相关），不选。,2025-09-19 01:55:48
梅艳芳 6800 万遗产被败光！101 岁老妈申请破产，信托竟没拦住？,https://mp.weixin.qq.com/s/lk2cQy8sSphNWkveCiiDDQ,港险渠道,🙅‍ 不选,标题为娱乐八卦与信托案例，与香港储蓄险业务无直接关联。,2025-09-19 01:55:48
加入我们，成为财富管理破壁人~,https://mp.weixin.qq.com/s/PQbiG_lNeLTvpmkTjw2_tQ,港险研究院,🙅‍ 不选,标题为招聘或号召类，与香港保险产品无关。,2025-09-19 01:55:48
相信国运，定投纳指。“躺赢”纳指，新玩法如何保涨不跌？,https://mp.weixin.qq.com/s/9mWTnglGXaG6urQ1c30w7w,港险研究院,🙅‍ 不选,标题涉及纳指投资，与香港保险无关。,2025-09-19 01:55:48
央企人民币保单，2%高保底 + 5%高收益！太平洋“世代鑫享”秒杀增额寿！,https://mp.weixin.qq.com/s/Fj2nvTLd5tX9OyoPOw1Cgg,港险研究院,🙅‍ 不选,标题涉及内地保险公司（太平洋）人民币保单，与香港保险无关。,2025-09-19 01:55:48
短期高利率美元理财，选什么产品,https://mp.weixin.qq.com/s/vpi4ojqA0Advi2W9u2jBPg,多财Global,🙅‍ 不选,标题泛指美元理财产品，未明确与香港保险关联。,2025-09-19 01:55:48
甲骨文一夜暴涨出一个中石油，做全球资产配置到底有多重要？,https://mp.weixin.qq.com/s/12WxrgJ11HCby5w7W8H_zw,蓝星探险,🙅‍ 不选,标题涉及股票和全球资产配置，与香港保险无直接关联。,2025-09-19 01:55:48
国寿/太平/太平洋出品：第15年领回本金，之后每年5%领终身！,https://mp.weixin.qq.com/s/H2pv-WUVV_VBo5p9ZRsxMA,蓝星探险,⛔ 看文章再确定,标题涉及多家保险公司，但未明确是否为香港版本，需要查看文章确认是否与香港保险相关。,2025-09-19 01:55:48
香港保险圈效率工具索引！AI已修炼成精！,https://mp.weixin.qq.com/s/USyJB6guovrkgwQ9sKSRgg,香港保险圈,⛔ 看文章再确定,标题涉及香港保险圈工具，但需查看文章判断是否有可复用的增量信息。,2025-09-19 01:55:48
出入境记录恢复更新！免费香港线上开户继续！,https://mp.weixin.qq.com/s/-0B78nXK5u1sA7zeJiZsug,港险宝宝PRO,🙅‍ 不选,标题涉及香港线上开户，属于政策风险类内容，不选。,2025-09-19 01:55:48
比起美联储降息，我更关心怎么稳赚6%,https://mp.weixin.qq.com/s/aOYQ8dif5Ct4_ChHgBZhQA,特别分子Mark,⛔ 看文章再确定,标题涉及收益率，但未明确与香港保险关联，需要查看文章内容判断。,2025-09-19 01:55:48
为什么每一轮降息，都在收割中产？,https://mp.weixin.qq.com/s/ytbBVatCz7u4eKfreD1C8w,特别分子Mark,🙅‍ 不选,标题为宏观经济评论，与香港保险无直接关联。,2025-09-19 01:55:48
少数人的美股上车指南：如何接住1.78万亿泼天富贵？,https://mp.weixin.qq.com/s/_sAxg5ASB4Rnfibxledwcg,特别分子Mark,🙅‍ 不选,标题涉及美股投资，与香港保险无关。,2025-09-19 01:55:49
别等了！3款5%现金派息神器，额度告急！,https://mp.weixin.qq.com/s/7NP6Tj-siQ70lQRSxfLwLQ,木木小财女,⛔ 看文章再确定,标题提到'3款5%现金派息神器'，但未明确指向香港保险或具体产品，虽然可能与分红险相关，但缺乏直接关联性，需要查看文章内容确认是否与香港储蓄险业务高度相关。,2025-09-19 01:55:49
40岁给自己发一份终身10.8万的年薪，两年就到账，一直领到老，怎么做到的？这是深圳某大厂高管的真实退休方案...,,未知公众号,匹配失败,无法找到相似度超过95%的原始文章,2025-09-19 01:55:49
今年交，一年后就能领！国寿出品，比傲珑创富更快返，40年IRR直逼5%！每年还有1.25%的保底派息！,,未知公众号,匹配失败,无法找到相似度超过95%的原始文章,2025-09-19 01:55:49
大湾区“保险通”落地，香港保单理赔款人民币直进内地卡！省心省时还省钱！,https://mp.weixin.qq.com/s/Q9uMZ9t4QO695tqyeYD6iA,港险优选专家,已删除,"文章已被删除或无法访问，生成了""未命名文章""",2025-10-28 23:06:42
崔老师亲测香港买金条！全程实拍，超详细攻略！PAMP金条避坑篇！,https://mp.weixin.qq.com/s/-oXqxvceuAh6UIGsjQyXvA,崔伟说投资,🙅‍ 不选,标题核心围绕‘香港买金条’与‘避坑’，涉及实物黄金购买，与香港保险无直接关系，属于非相关主题，应排除。,2025-10-28 23:21:47
为什么普通家庭的存款，很难超过30万？,https://mp.weixin.qq.com/s/P7C6iIxZpydUi5aj9PKFyQ,崔伟说投资,⛔ 看文章再确定,标题讨论普通家庭存款现象，无明确理财产品关联，可能是情绪性或铺垫性内容，需查看正文才能判断是否导向保险。,2025-10-28 23:21:47
卖黄金，买美债？,https://mp.weixin.qq.com/s/PWeCFxEOmovYy2huqc7e8A,有态度的精蒜湿,🙅‍ 不选,标题聚焦宏观投资策略（黄金、美债），与香港保险无关联，应排除。,2025-10-28 23:21:47
去美元交易下，香港美元保单是否还值得配置？,https://mp.weixin.qq.com/s/XdHMjWhpcQGGEx4PfCubag,有态度的精蒜湿,⛔ 看文章再确定,标题涉及‘去美元化’与‘香港美元保单’的宏观外汇议题，可能存在政策敏感风险（货币政策层面），需谨慎判定，建议二次查看内容。,2025-10-28 23:21:47
会开完，未来10年的投资机会也浮出水面了,https://mp.weixin.qq.com/s/Ft3A73tSyee8Qi0TmdOBTg,有态度的精蒜湿,⛔ 看文章再确定,仅提‘会开’与‘投资机会’，主题笼统，与具体保险不明相关，可能是宏观投资大会报道，需文章确认。,2025-10-28 23:21:47
养老社区的“三国演义”，谁才是晚年最靠谱的选择？揭秘选靠谱社区的4大标准！,https://mp.weixin.qq.com/s/R3xeRbB_enuYowRnv26sKw,港险圈研究院,🙅‍ 不选,标题讨论养老社区选择，与香港保险无直接关联，属于非相关主题，应排除。,2025-10-28 23:21:47
从资金盘陷阱到真.价值赛道：拆解真.假区块链的底层差异！,https://mp.weixin.qq.com/s/osDrrriy0zlgurOTZakyTQ,港险圈研究院,🙅‍ 不选,主题为区块链、资金盘，明显非保险相关，应剔除。,2025-10-28 23:21:47
存银行都比当房东赚得多！“老破小”为何涨不动？是时候换个思路了~,https://mp.weixin.qq.com/s/bvilrhsaWFOYtNYn-IUJeQ,港险圈研究院,⛔ 看文章再确定,标题以房地产讨论为主，可能引出理财替代方案如储蓄险，但未明确表述，需阅读正文判定可复用价值。,2025-10-28 23:21:47
其实人在内地就能直接开香港汇丰/渣打香港的银行卡，99%的人不知道！,https://mp.weixin.qq.com/s/VHFiGondrsiCqTS0EoUkYQ,小冯妮儿聊港险,🙅‍ 不选,标题主题为香港银行卡开户，属于跨境开户高危话题，应排除。,2025-10-28 23:21:47
1000万存香港银行，1年能赚到多少？居然是内地的3倍！（附香港汇丰、香港中银、香港渣打港币/美元存款利率对比）,https://mp.weixin.qq.com/s/OziUeNBIjrMystN2vNQezQ,小冯妮儿聊港险,🙅‍ 不选,标题聚焦香港银行存款利率对比，不涉及保险内容，属于非相关金融主题。,2025-10-28 23:21:47
CS 饰品一夜暴跌 70%，亏了几十万，我才顿悟投资没有错，错的是没给自己留退路！”。,https://mp.weixin.qq.com/s/3lgjeL0kjFiHk9NDpbyVSw,小冯妮儿聊港险,🙅‍ 不选,主题围绕游戏饰品投资，与保险、金融规划无关，应排除。,2025-10-28 23:21:47
个税全透明时代，高收入人群如何节税？香港储蓄险：3 大税务优势，帮你合规节税，守护资产安全！,https://mp.weixin.qq.com/s/-TVlXyr5i4FTH0pYsFpp1A,心水保,🙅‍ 不选,标题核心包含‘节税’‘税务优势’，触及税务政策高风险主题，应直接排除。,2025-10-28 23:21:47
重磅新规：广东明确夫妻可“互查财产”！名下的香港保单能查吗？,https://mp.weixin.qq.com/s/RlcdAyzz1EB84j0VfxcKaQ,香港投资风向标,⛔ 看文章再确定,标题涉及大陆政策与香港保单隐私问题，存在一定政策敏感度，但未明确违反高危关键词，需阅读确认是否触及政策风险。,2025-10-28 23:21:47
“告别全民炒房，增配金融资产”，中国居民的资产配置变迁！,https://mp.weixin.qq.com/s/RSAK9khhahZ2W2zW9QxYKA,香港投资风向标,🙅‍ 不选,标题无香港保险或港险相关内容，主题为宏观资产配置变化，不符合业务相关性规则。,2025-10-28 23:21:48
全天候盈利2000万了...,https://mp.weixin.qq.com/s/_VU2xv2s74vq_jmKranPEA,胡胡的全球笔记,🙅‍ 不选,标题内容模糊，无香港保险相关信息，极可能为投资或个人情绪类内容，应排除。,2025-10-28 23:21:48
黄金大跌，翻车了...,https://mp.weixin.qq.com/s/KzGTN4JCHodhGkxdz1xpiQ,胡胡的全球笔记,🙅‍ 不选,标题涉及黄金行情，与香港保险无关，属于非相关主题。,2025-10-28 23:21:48
黄金，开始疯狂起来了...,https://mp.weixin.qq.com/s/NAbebxA9hfODwvKif1Pcmg,胡胡的全球笔记,🙅‍ 不选,标题与黄金价格变动有关，不涉及保险或金融规划，非相关内容。,2025-10-28 23:21:48
稀土是啥？为啥中国一出招，美国就怂了,https://mp.weixin.qq.com/s/UK-PPKTAk2mrlOxyzpDBVA,胡胡的全球笔记,🙅‍ 不选,标题为地缘政治与资源类主题，完全无关香港保险业务。,2025-10-28 23:21:48
港险人民币提取攻略：无需换汇直接到账，合规避坑看这篇！,https://mp.weixin.qq.com/s/39R04fTDkCo6mONdYd8IGA,港险渠道,🙅‍ 不选,标题涉及“无需换汇”，触发政策风险关键词，属于高危换汇相关内容，应无条件排除。,2025-10-28 23:21:48
夫妻互查财产新规落地-广东,https://mp.weixin.qq.com/s/v0G8Qjg9_wqvaWnU7CV5Xw,港险渠道,🙅‍ 不选,标题为大陆政策新闻，与香港保险无直接关联，排除。,2025-10-28 23:21:48
央企人民币保单，2%高保底 + 5%高收益！太平洋“世代鑫享”秒杀增额寿！,https://mp.weixin.qq.com/s/XmiF8aoUF9zl_24-QaQu9Q,港险研究院,🙅‍ 不选,标题涉及“人民币保单”“太平洋”，可能为内地保险产品，不属于香港保险范畴。,2025-10-28 23:21:48
美食要不要来一口？不要钱的那种,https://mp.weixin.qq.com/s/ptexdhlwXe0OhuYoQlMasQ,港险研究院,🙅‍ 不选,完全无关保险或金融话题，排除。,2025-10-28 23:21:48
如果利率上涨，融资保单还能赚到钱吗？,https://mp.weixin.qq.com/s/2paL5p2BF84k-a6E0iolSA,蓝星探险,⛔ 看文章再确定,标题涉及融资保单与利率变动的关联，需要确认是否以香港保险为场景，否则可能延伸至非相关金融产品，须再判断。,2025-10-28 23:21:48
降息周期，赚钱的两种方式,https://mp.weixin.qq.com/s/SOSwWKGi27QHxUb4qeLZvQ,蓝星探险,🙅‍ 不选,标题宏观投资类，不特指香港保险产品，排除。,2025-10-28 23:21:48
身家千万以上，一定要买终身寿险！,https://mp.weixin.qq.com/s/U9bhqyaz9sjwqLAy_Yp1JQ,蓝星探险,⛔ 看文章再确定,标题虽然提到寿险，但未限定香港地区，需阅读确认是否与香港储蓄险相关。,2025-10-28 23:21:48
集增值与传承于一体，这稳健周全的方案灵活稳健，值得深入了解！,https://mp.weixin.qq.com/s/KkiclMftOrG5pCIMRsmWKg,香港保险圈,⛔ 看文章再确定,标题虽然提到理财与传承，但未提及具体产品或香港保险品牌，需进一步查看内容确定相关性。,2025-10-28 23:21:48
样样领先！提领之王实锤,https://mp.weixin.qq.com/s/TsMRdB1WSFdAB0_NB1b95A,港险宝宝PRO,⛔ 看文章再确定,标题未指出具体产品，只是宣传性语句，需确认是否与香港保险相关。,2025-10-28 23:21:48
亏钱，才是暴富的第一步？,https://mp.weixin.qq.com/s/ilFviDCc8_BEbnHEWH5RKQ,特别分子Mark,🙅‍ 不选,标题模糊，无保险相关内容，属于投资或鸡汤文类型，排除。,2025-10-28 23:21:48
"万通「富饶万家」储蓄计划，""理财+传承”双引擎助力富饶世代，实现万家梦想。",https://mp.weixin.qq.com/s/0kpt5U88FDue6D3hZqp0qg,港险宝宝PRO,已删除,"文章已被删除或无法访问，生成了""未命名文章""",2025-11-16 01:26:51
11月港险大洗牌，优秀产品榜单大变样！,https://mp.weixin.qq.com/s/GHReHiahZ-19b7CIZEp4eA,蓝星探险,已删除,"文章已被删除或无法访问，生成了""未命名文章""",2025-11-16 01:27:15
房价失守，富人集体“调仓”！新一轮资产置换潮真的来了......,https://mp.weixin.qq.com/s/kjK8ahr5KtbSRQmW9boyNw,木木小财女,🙅‍ 不选,标题涉及房地产（房价失守）和资产置换，与香港保险无关，属于非相关主题，一律不选。,2025-11-16 01:28:18
2026养老年金重大变化，每月少领500块？,https://mp.weixin.qq.com/s/ntTLijSQ587xdX-nEheJAw,特别分子Mark,⛔ 看文章再确定,标题涉及养老年金变化，但未明确指向香港保险，是否为香港相关或能提炼客户痛点需阅读文章判断。,2025-11-16 01:28:18
2026年起，海港城“举牌揽客” 乱象将全面规管！,https://mp.weixin.qq.com/s/ZVrH7qLXsgeNXgRLhmqJDA,港险宝宝PRO,🙅‍ 不选,标题涉及香港街头揽客乱象规管，与保险产品无关，属于非相关主题。,2025-11-16 01:28:18
明确了，收境外税！,https://mp.weixin.qq.com/s/pbvYIbEz-jLb6OCKVZF1XQ,港险宝宝PRO,🙅‍ 不选,标题包含'收境外税'，属于高危税务主题（征税、交税），政策风险排除，无条件不选。,2025-11-16 01:28:18
买的港险，被税务局要求补税？,https://mp.weixin.qq.com/s/1pBSjkxdK1d4geXH_XmWJA,蓝星探险,🙅‍ 不选,标题涉及'港险'和'补税'，属于高危税务主题（交税），政策风险排除，无条件不选。,2025-11-16 01:28:18
业务寡淡，一点碎碎念,https://mp.weixin.qq.com/s/GuS4JlvMAIlePxVzEmW7Ag,港险研究院,🙅‍ 不选,标题为个人情绪宣泄，无具体产品或价值信息，属于无价值内容。,2025-11-16 01:28:18
别再看黄金了，看了你也不可能重仓,https://mp.weixin.qq.com/s/Yx9QiF1-9W1yPUjcCuslag,港险研究院,🙅‍ 不选,标题涉及黄金投资，与香港保险无关，属于非相关主题。,2025-11-16 01:28:18
1000块存款利息都要补税了，境外投资补税范围扩大！,https://mp.weixin.qq.com/s/DSV8aAEFwE8vPooTwxJh8g,港险渠道,🙅‍ 不选,标题涉及'补税'和'境外投资'，属于高危税务主题（征税、交税），政策风险排除。,2025-11-16 01:28:18
投资黄金容易踩的坑，都在这儿了...,https://mp.weixin.qq.com/s/MoKWsaw4qfXsFUyoE5EMUQ,胡胡的全球笔记,🙅‍ 不选,标题涉及黄金投资，与香港保险无关，属于非相关主题。,2025-11-16 01:28:18
金融市场背后扎心的真相...,https://mp.weixin.qq.com/s/i5j9WQBQRGPpLRWxhpFBnw,胡胡的全球笔记,⛔ 看文章再确定,标题模糊，未明确指向香港保险，是否能提炼保险相关痛点需阅读判断。,2025-11-16 01:28:18
QDII断粮危机，三年没额度了...,https://mp.weixin.qq.com/s/Gj9O53tWIaQSmHVmxFxYYA,胡胡的全球笔记,🙅‍ 不选,标题涉及QDII（内地投资渠道），与香港保险无关，属于非相关主题，可能有政策风险。,2025-11-16 01:28:18
天塌了，1000元境外投资都要开始补税了？,https://mp.weixin.qq.com/s/ld1BRmSJop-X1JPRIEg9cg,崔伟说投资,🙅‍ 不选,标题涉及'境外投资补税'，属于高危税务主题（交税），政策风险排除。,2025-11-16 01:28:18
境外理财必备港卡！3 个避冻技巧 + 高息优势，用卡安心又省心,https://mp.weixin.qq.com/s/jxs2P4PGd2JXDqP5EsV1MA,心水保,🙅‍ 不选,标题涉及'港卡'（香港银行开户）和'避冻'（政策风险），属于高危开户和外汇管制相关，不选。,2025-11-16 01:28:18
紧急提醒，境外收益补税20%！香港储蓄险还安全吗？要交税吗？,https://mp.weixin.qq.com/s/U6BW8aRYz3zx8UCpLbNdQA,心水保,🙅‍ 不选,标题涉及'境外收益补税'和'税'相关主题，属于高危词汇'征税'范畴，存在政策风险，必须排除。,2025-11-16 01:28:18
"澄清！境外投资收益补税 ≠ 香港储蓄险收税！港险仍是""免税传承""首选工具！",https://mp.weixin.qq.com/s/4D_PF5LOaNHhDp34EzUXQg,港险优选专家,🙅‍ 不选,标题涉及'境外投资收益补税'和'收税'，属于高危词汇'征税'范畴，存在政策风险，必须排除。,2025-11-16 01:28:18
香港汇丰邮寄实体卡激活全流程！3 种方式 + 5 个注意事项！,https://mp.weixin.qq.com/s/YfXW-JkIc2gSGs1ngz0jqw,小冯妮儿聊港险,🙅‍ 不选,标题涉及'香港汇丰'银行开户和卡激活流程，属于非相关主题的银行攻略，必须排除。,2025-11-16 01:28:18
宏安地产为啥给CEO买3773万保险？揭秘香港公司的“隐藏”玩法~,https://mp.weixin.qq.com/s/mVjobwKZ4PuTuRqfd5nXxQ,港险圈研究院,⛔ 看文章再确定,标题提及'香港公司'保险，但焦点在企业玩法而非个人储蓄险，是否能提炼客户痛点不明确，需要阅读文章判断。,2025-11-16 01:28:18
房子降价四部曲 | 见底了吗？,https://mp.weixin.qq.com/s/pUFcg3CbH8lkRi0u8VBZtw,有态度的精蒜湿,🙅‍ 不选,标题涉及房地产主题，与香港储蓄险业务无关，必须排除。,2025-11-16 01:28:18
不鸡娃、不买学区房，这届父母靠保险给孩子兜底,https://mp.weixin.qq.com/s/J_4a0srLaCbFi91NMzcU7w,有态度的精蒜湿,⛔ 看文章再确定,标题提及'保险'和教育兜底场景，但未明确指向香港保险，是否相关需阅读文章判断。,2025-11-16 01:28:18
10后、20后的家长们，开始卷保单了,https://mp.weixin.qq.com/s/nmWtdqLJK2dwXGBXmr-oPA,有态度的精蒜湿,⛔ 看文章再确定,标题提及'保单'，可能指向保险场景，但未明确香港相关，需阅读判断可复用价值。,2025-11-16 01:28:19
麻了！账户连亏4天~,https://mp.weixin.qq.com/s/5wnaxBpEedGMNJauYzMNXA,有态度的精蒜湿,🙅‍ 不选,标题涉及账户亏损，指向股票或投资风险，与香港储蓄险无关，必须排除。,2025-11-16 01:28:19
葛兰这些年，到底亏了多少钱？,https://mp.weixin.qq.com/s/35dDNU5EC_YThn09_-PZTg,有态度的精蒜湿,🙅‍ 不选,标题涉及股票投资亏损主题，与香港保险无关，必须排除。,2025-11-16 01:28:19
国家队出手！拯救养老金，每年派息5%?,https://mp.weixin.qq.com/s/zocpNXwpfgatvjN0MEgYig,伟伟说投资,🙅‍ 不选,标题涉及内地养老金政策和'派息'，可能有政策风险，且非香港保险相关，必须排除。,2025-11-16 01:28:19
存款人天塌了！一觉醒来银行app资产清零，贷款却一分不少……,https://mp.weixin.qq.com/s/pNQDJQgQnvztOnWcrR07MA,伟伟说投资,🙅‍ 不选,标题涉及银行资产问题，与香港保险无关，属于无价值内容，必须排除。,2025-11-16 01:28:19
天塌了，1000元海外投资都要收税了！香港保险也要交税吗？税率多少？,https://mp.weixin.qq.com/s/gzFi36qvvSOO7ab238P7pQ,伟伟说投资,🙅‍ 不选,标题涉及'海外投资收税'和'税率'，属于高危词汇'征税'范畴，存在政策风险，必须排除。,2025-11-16 01:28:19
银行首次停售五年期定存！存款利率还要再降？,https://mp.weixin.qq.com/s/QDB0qdadMlKrvj4lrlTICA,伟伟说投资,🙅‍ 不选,标题涉及银行定存停售，与香港保险无关，属于无价值内容，必须排除。,2025-11-16 01:28:19
真正适合养老的年金！万通富饶千秋到底有多强？,https://mp.weixin.qq.com/s/EdSXO6bf8oo5YaAZPS42uQ,伟伟说投资,⛔ 看文章再确定,标题提及年金产品'万通富饶千秋'，但未明确香港相关，需阅读判断是否为港险并有可复用价值。,2025-11-16 01:28:19
能一辈子躺平收租的金融房产：本金不动，每年收租“5%”，你心动不？,https://mp.weixin.qq.com/s/BUvf__Pbvwa4uZI2eLVaFw,小冯妮儿聊港险,🙅‍ 不选,标题讨论'金融房产'和'收租'，未提及香港保险产品，属于房地产或非保险相关主题，与香港储蓄险业务无关。,2025-11-16 01:42:53
投200万，生“息”156万？美联储降息周期下，融资保单的“黄金”投保期来了~,https://mp.weixin.qq.com/s/f6eYheexqI7xFhsewwK-hA,港险圈研究院,⛔ 看文章再确定,标题提及'融资保单'和美联储降息，可能涉及香港保险，但具体是否指向产品或提供可复用决策逻辑不明确，需要阅读文章判断。,2025-11-16 02:13:38
比特币、以太币！万通保险首推挂钩「虚拟资产基金」保险产品！,https://mp.weixin.qq.com/s/JornaXZe9QL3CmbdLdomgg,港险宝宝PRO,🙅‍ 不选,标题涉及比特币、以太币和虚拟资产基金，属于高危主题（类似股票相关、稳定币），政策风险高，必须排除。,2025-11-20 20:23:06
小心！香港财经网红无牌提供付费投资意见被监禁！,https://mp.weixin.qq.com/s/oK1zyyTLKap1prn-uAiL2w,港险宝宝PRO,🙅‍ 不选,标题涉及无牌投资意见和监禁，属于监管风险和非保险核心内容，与香港储蓄险业务无关。,2025-11-20 20:23:06
资产缩水倒逼财富逻辑生变，《2025胡润全球富豪榜》揭秘高净值家庭的“真面目”！,https://mp.weixin.qq.com/s/cWWQXkKzZgd3vc7Y7eVM0g,港险宝宝PRO,⛔ 看文章再确定,标题讨论财富逻辑和富豪榜，但未明确指向香港保险，需阅读文章判断是否能提炼出与港险相关的客户痛点或决策逻辑。,2025-11-20 20:23:06
CRS、税务、汇率，买港险前一定要知道的事情！,https://mp.weixin.qq.com/s/x4yfvNo-XNWlxaiILALWsw,蓝星探险,🙅‍ 不选,标题直接包含高危词汇'CRS'、'税务'、'汇率'，涉及政策风险，必须立即排除。,2025-11-20 20:23:06
巴菲特和段永平公认的投资尽头？,https://mp.weixin.qq.com/s/c0iOLCNHRXj9qJFpqG-Ztw,港险研究院,⛔ 看文章再确定,标题借用知名人物讨论投资，但未明确指向香港保险，需阅读判断是否与港险决策相关。,2025-11-20 20:23:06
倒查海外收益！AI+CRS联手查税，个税“大清算”已至，谁在裸奔？,https://mp.weixin.qq.com/s/CNoyvoc2AU9qbv9VNHOThw,港险研究院,🙅‍ 不选,标题包含'CRS'和'查税'高危词汇，涉及税务政策风险，必须排除。,2025-11-20 20:23:06
2024全球寿险公司50强：中国力量崛起与香港枢纽价值凸显,https://mp.weixin.qq.com/s/wC34AtEsfbRcJEuuFqee2g,港险渠道,⛔ 看文章再确定,标题涉及全球寿险排名和香港价值，但需阅读判断是否提炼出港险具体决策逻辑。,2025-11-20 20:23:06
全球资产全线杀跌，泥沙俱下....,https://mp.weixin.qq.com/s/NgRB9UDjDW4xCrluoW43bw,胡胡的全球笔记,🙅‍ 不选,标题讨论全球资产杀跌，与香港储蓄险无关，属于系统性风险或非相关主题。,2025-11-20 20:23:06
香港永明保险公司，2024年理赔报告,https://mp.weixin.qq.com/s/PWBwTt40-KAoELR1ALVvUw,香港保险行业资讯,⛔ 看文章再确定,标题涉及'香港永明'理赔报告，可能有价值但需阅读判断是否提炼出通用客户痛点。,2025-11-20 20:23:06
2025年，香港保险公司10款重疾险“癌症”理赔具体条款,https://mp.weixin.qq.com/s/Gvczz-IPH6hPVPwF0AxXjw,香港保险行业资讯,⛔ 看文章再确定,标题聚焦重疾险理赔条款，与储蓄险相关性不明确，需阅读判断可复用价值。,2025-11-20 20:23:06
📌 关于CRS，你必须知道的10个问题,https://mp.weixin.qq.com/s/NwVirew0MG0rqUfgdaDY3A,长城港险,🙅‍ 不选,标题直接包含高危词汇'CRS'，涉及政策风险，必须排除。,2025-11-20 20:23:06
2025 外汇额度攻略：5 万美元不够用？3 个合规方法解锁超额购汇，留学 / 就医 / 港险资金不用愁,https://mp.weixin.qq.com/s/8LDc0EhyH7pWHL1T1uRltg,心水保,🙅‍ 不选,标题涉及'外汇额度'和'购汇'，属于高危政策主题（外汇管制相关），必须排除。,2025-11-20 20:23:06
资产安全配置神器！香港保险的隐藏实力：债务隔离 + 婚姻保护 + CRS 下避税攻略,https://mp.weixin.qq.com/s/yTeQLqbWVxQ6sYyvwa4Vuw,心水保,🙅‍ 不选,标题包含'CRS'和'避税'高危词汇，涉及政策风险，必须排除。,2025-11-20 20:23:06
内地人想开港卡怎么选银行： 普通人选中银，中产选汇丰，富人选渣打！,https://mp.weixin.qq.com/s/wXHtAsLCaBJ6Tqd4xA3a-A,小冯妮儿聊港险,🙅‍ 不选,标题聚焦香港银行开户选择，与保险无关，属于纯开户攻略，非香港保险相关主题。,2025-11-20 20:23:06
不去香港人在内地，直接开香港汇丰/渣打/恒生/东亚/大新/星展的银行卡，99%的人都不知道！,https://mp.weixin.qq.com/s/4mvkVUcVbi2g8QheNAZoMQ,小冯妮儿聊港险,🙅‍ 不选,标题涉及内地直接开香港银行卡攻略，与保险无关，属于高危开户类型内容。,2025-11-20 20:23:06
我帮1000+客户开通香港银行卡的经验总结：这5家0存款无管理费的香港银行，内地人自己就能办！,https://mp.weixin.qq.com/s/lenHsdnoFLkKZ0SA4IFiOQ,小冯妮儿聊港险,🙅‍ 不选,标题聚焦香港银行开户经验，与保险无关，属于纯开户攻略。,2025-11-20 20:23:06
A股跌成狗，港险稳吃息 | 为什么这届家长把孩子“存”进保单？,https://mp.weixin.qq.com/s/0P_adl2aHHSU4uWkGpU5sw,有态度的精蒜湿,⛔ 看文章再确定,标题提及'港险'和教育规划场景，但涉及'A股'可能有股票风险，且未点明具体产品，需阅读判断是否提供可复用逻辑。,2025-11-20 20:23:07
卧槽，这不是发钱吗？,https://mp.weixin.qq.com/s/mVYSk_TdtwMzwql6A61pog,有态度的精蒜湿,⛔ 看文章再确定,标题过于模糊，无明确产品或场景指向，需阅读判断是否与香港保险相关并有价值。,2025-11-20 20:23:07
直播预告 | 本金不动，每年吃息3.3%+,https://mp.weixin.qq.com/s/lKd09b4ITEHgaJsjbxJF0Q,伟伟说投资,⛔ 看文章再确定,标题是直播预告，包含数字但未点明产品或明确香港保险关联，需阅读评估价值。,2025-11-20 20:23:07
2026存钱大洗牌！4大变化，直接影响你的钱袋子,https://mp.weixin.qq.com/s/u8184io1kx0s9-o0ZJJ8Ww,伟伟说投资,⛔ 看文章再确定,标题时效性强但未明确指向香港保险，需阅读判断是否涉及港险并有可复用价值。,2025-11-20 20:23:07
不讲预期，只派真金！终身锁息2.5%，快返年金王横空出世！,,未知公众号,匹配失败,无法找到相似度超过95%的原始文章,2025-11-20 20:23:07
2025年，香港中国人寿停售储蓄险（钻逸传承）,,未知公众号,匹配失败,无法找到相似度超过95%的原始文章,2025-11-20 20:23:07
19万亿！香港成全球资金避险安全港！选择香港，就是选择稳健、自由与未来。,https://mp.weixin.qq.com/s/zShc8GpyZc3k-15r7wfO3g,港险宝宝PRO,已删除,"文章已被删除或无法访问，生成了""未命名文章""",2025-11-27 05:54:14
全球寿险公司TOP50榜单公布，中国香港独占10席，一定有你认识的！,https://mp.weixin.qq.com/s/jePqv8O_XhtkR1HIJUeSgA,港险宝宝PRO,已删除,"文章已被删除或无法访问，生成了""未命名文章""",2025-11-27 05:54:28
将涨30%？高盛看好人民币资产，最稳的上车方式是…,https://mp.weixin.qq.com/s/f-cTtPXC4M-k29Ln1fwjsQ,特别分子Mark,🙅‍ 不选,标题涉及人民币资产投资和'上车方式'，未明确指向香港保险，偏向股票或投资相关主题，与香港储蓄险业务无关，且可能涉及政策风险。,2025-11-27 05:55:36
突发！汇丰宣布恢复内地开户，人在内地直接申请！,https://mp.weixin.qq.com/s/s51WYPBnD6bTzhqAHxAX7w,港险宝宝PRO,🙅‍ 不选,标题涉及'汇丰恢复内地开户'，属于开户类型内容，涉及两地政策风险，高危类型，不能选。,2025-11-27 05:55:36
“泓瀚启航，芯创未来”｜泓瀚系统（NSP）全面启用，开启智能投保芯体验,https://mp.weixin.qq.com/s/I7bSCKbqdvR7SpT8z2yePQ,香港保险圈,⛔ 看文章再确定,标题提及'泓瀚系统'和智能投保，但未明确产品或香港保险关联，是否能提炼客户痛点或决策逻辑不明确，需要阅读文章判断。,2025-11-27 05:55:36
来香港办银行卡，认准这五家！,https://mp.weixin.qq.com/s/qE4H5YseHJCRE1esMKK01Q,蓝星探险,🙅‍ 不选,标题明确涉及'香港办银行卡'，属于开户类型内容，与香港储蓄险业务无关，高危类型。,2025-11-27 05:55:36
5万美元外汇额度怎么用最安全？这3个坑千万别踩！,https://mp.weixin.qq.com/s/vaD4Jdz2mh1bOdVf4QlYww,蓝星探险,🙅‍ 不选,标题涉及'外汇额度'和'坑'，属于外汇管制相关高危主题，政策风险高，必须排除。,2025-11-27 05:55:36
养娃需要超级强大的内心,https://mp.weixin.qq.com/s/BbKk4FJzNFpoVq2pRPr-Bg,港险研究院,🙅‍ 不选,标题为个人情绪或生活记录，与香港保险无关，无价值内容。,2025-11-27 05:55:36
香港保险的钱怎么回内地？手把手教你轻轻松松到账~,https://mp.weixin.qq.com/s/flDi_Ka3zT8s7wyaDXJBzQ,港险研究院,⛔ 看文章再确定,标题涉及香港保险资金回内地，可能有操作价值，但是否提炼出可复用痛点不明确，需要阅读判断。,2025-11-27 05:55:36
今年90%的业务来自于4个客户：世界残酷的真相，藏在这个“尾部”里,https://mp.weixin.qq.com/s/mx35NQpkH9VZ3QSX3GHd5A,港险研究院,🙅‍ 不选,标题为一般商业或生活感悟，与香港保险无关，无价值内容。,2025-11-27 05:55:36
IBKR别乱开，被拒一次永久黑名单,https://mp.weixin.qq.com/s/xTSLZomkXl8nFJw1oOGWKg,leesin境外咨询笔记,🙅‍ 不选,标题涉及IBKR（投资平台）开户，属于开户和投资相关，非香港保险主题。,2025-11-27 05:55:36
企业公转私合规路径：香港保险3类实操方案拆解,https://mp.weixin.qq.com/s/353Kn70gS75yoDOMWN8AZQ,港险渠道,⛔ 看文章再确定,标题涉及企业资金使用香港保险的合规路径，可能有价值，但是否为客户痛点或决策逻辑不明确，需要阅读判断。,2025-11-27 05:55:36
老客户带着朋友“组团追购”的产品有多牛？,https://mp.weixin.qq.com/s/xVWxunuBdEt9GFCBxTrnjQ,港险渠道,⛔ 看文章再确定,标题使用个人化叙事（老客户组团追购），指向热门产品，但未点明具体产品，需阅读判断是否为搜索流内核。,2025-11-27 05:55:36
美元贬到“破防”，为啥央行还攥着56.3%的储备不放？,https://mp.weixin.qq.com/s/O3GQkQCcbgtzPGCzEI92mQ,港险渠道,🙅‍ 不选,标题涉及央行储备和美元贬值，属于外汇政策相关高危主题，与香港保险无关。,2025-11-27 05:55:36
汇丰宣布恢复内地开户，人在内地直接申请！,https://mp.weixin.qq.com/s/uCjwMM6HiuJRQAPB37NGMg,崔伟说投资,🙅‍ 不选,标题涉及'汇丰恢复内地开户'，属于开户类型，高危政策风险。,2025-11-27 05:55:36
香港账户开户新捷径！汇丰香港 APP 支持内地线上预审，18 分钟完成，赴港 APP 激活超灵活,https://mp.weixin.qq.com/s/5qpvJ0LI8NyplMVh7GpEDQ,心水保,🙅‍ 不选,标题涉及'香港账户开户'，属于开户高危类型，政策风险。,2025-11-27 05:55:37
我为什么要开香港银行卡？没想到竟然有这么多好处：无管理费、无管制、多币种、高利率？,https://mp.weixin.qq.com/s/DwnP134DYXPzBq8AJbe9vQ,小冯妮儿聊港险,🙅‍ 不选,标题聚焦香港银行开户的好处，涉及'无管制'等潜在政策风险，与香港储蓄险业务无关，属于非相关主题，一律不选。,2025-11-27 05:55:37
服了！汇丰香港内地线上开ONE账户渠道又关闭了！,https://mp.weixin.qq.com/s/JKdUAvLTAfJ1WXbeVz8jjA,小冯妮儿聊港险,🙅‍ 不选,标题涉及香港银行开户渠道关闭，属于开户相关的高危政策风险主题，与业务无关，一律不选。,2025-11-27 05:55:37
赚大了！香港汇丰银行又能内地线上开户了，人在内地、0门槛就能开~,https://mp.weixin.qq.com/s/VpnRwETr8D6B5js6RAZqFw,小冯妮儿聊港险,🙅‍ 不选,标题聚焦香港银行开户攻略，涉及跨境政策和'0门槛'，属于高危开户内容，对账号安全构成威胁，一律不选。,2025-11-27 05:55:37
大变局下的财富指南：从“十五五”战略到个人资产配置策略,https://mp.weixin.qq.com/s/YAhar5dmMLguwgT_lvaXug,港险圈研究院,🙅‍ 不选,标题涉及宏观国家战略和通用资产配置，未明确指向香港保险，属于非相关主题，与业务无关，一律不选。,2025-11-27 05:55:37
我一周亏40万，朋友一天亏400万~,https://mp.weixin.qq.com/s/Mcip5TLKjAOsviwdnIeU-A,有态度的精蒜湿,🙅‍ 不选,标题为个人情绪宣泄，涉及投资损失，未明确与香港保险相关，无法提炼通用逻辑，一律不选。,2025-11-27 05:55:37
十年老银行人自爆：存款超过20万，一定要试试这3种存法！能多赚2年利息！,https://mp.weixin.qq.com/s/4SakMabA7uaJBwiEyAa9Kw,伟伟说投资,🙅‍ 不选,标题聚焦银行存款攻略，与香港保险无关，属于非相关主题，一律不选。,2025-11-27 05:55:37
风向彻底变了！富人集体“调仓”，新一轮资产置换潮来了？,https://mp.weixin.qq.com/s/yf9QaGLtBn3OTCiK8u2HZg,伟伟说投资,🙅‍ 不选,标题涉及通用资产调仓和宏观趋势，未明确香港保险，属于非相关主题，一律不选。,2025-11-27 05:55:37
国家出大招！养老金直买国债，专用通道不用拼手速？,https://mp.weixin.qq.com/s/GtWZfQxng8bAcX56AW0knw,伟伟说投资,🙅‍ 不选,标题涉及内地养老金政策和国债，与香港保险无关，属于政策风险和非相关主题，一律不选。,2025-11-27 05:55:37
国企快返年金王！当年即领+年化3.3%，值得入手吗？,https://mp.weixin.qq.com/s/3wnVQ71kigYvN-5xIZDyVw,伟伟说投资,⛔ 看文章再确定,标题提及年金产品和收益，但未明确是否香港保险，是否能提炼香港储蓄险痛点不明确，需要阅读判断。,2025-11-27 05:55:37
2025年11月24日，香港中银人寿推出新款储蓄险（寰御安心）,,未知公众号,匹配失败,无法找到相似度超过95%的原始文章,2025-11-27 05:55:37
直播预告 | 本金不动，每年吃息3.3%+,,未知公众号,匹配失败,无法找到相似度超过95%的原始文章,2025-11-27 05:55:37
直播预告 | 本金不动，每年吃息3.3%+,,未知公众号,匹配失败,无法找到相似度超过95%的原始文章,2025-11-27 05:55:37
直播预告 | 本金不动，每年吃息3.3%+,,未知公众号,匹配失败,无法找到相似度超过95%的原始文章,2025-11-27 05:55:37
直播预告 | 本金不动，每年吃息3.3%+,,未知公众号,匹配失败,无法找到相似度超过95%的原始文章,2025-11-27 05:55:37
2025年11月24日，香港中银人寿推出新款储蓄险（寰御安心）,https://mp.weixin.qq.com/s/brBxINM2hZGaOcnTNoUVzQ,香港保险行业资讯,已删除,"文章已被删除或无法访问，生成了""未命名文章""",2025-11-27 07:19:11
交完钱就能领！国寿，太平，太保3大中资保司年金险深度对比！,https://mp.weixin.qq.com/s/2DSNnKr2Wrjut1WcmnCalA,蓝星探险,⛔ 看文章再确定,公司名无地区标识，不确定是否内地产品,2025-11-27 07:19:50
预期复利5.5%，终身保证吃息2.5%，太平洋人寿疯了！,https://mp.weixin.qq.com/s/DqDhC5qJlx8kr7NZHacmfA,蓝星探险,🙅‍ 不选,太平洋人寿为内地公司，非港险,2025-11-27 07:19:51
香港保险的多元货币，没你想的那么简单！,https://mp.weixin.qq.com/s/oBCn0rbox9ZZG9mm7vCFQQ,蓝星探险,⛔ 看文章再确定,主题相关但无产品名，需看内容判断价值,2025-11-27 07:19:51
收益超高的周大福飞扬盛世，你真的敢买吗？,https://mp.weixin.qq.com/s/otNaCqYN9nPzSUfTedjaZg,蓝星探险,⛔ 看文章再确定,品牌关联不完全确定为港险储蓄险,2025-11-27 07:19:51
港险前20年谁最能打？实测十几款产品，仅这3款入围,https://mp.weixin.qq.com/s/C3EhPP4VqAIJTIPWyJfKjw,蓝星探险,⛔ 看文章再确定,未点产品名但可能是产品测评，需看内容,2025-11-27 07:19:51
买港险养老，第15年用钱，现金价值竟被腰斩？,https://mp.weixin.qq.com/s/FB9_dvQMXl3K9oFhydORBg,港险研究院,⛔ 看文章再确定,未点产品名，需判断是否具体可复用逻辑,2025-11-27 07:19:51
安达传承首创V，不愧是巴菲特严选,https://mp.weixin.qq.com/s/5HwanpQlwXTXaAr6m0Hg3Q,港险研究院,⛔ 看文章再确定,需核实产品是否属于港险储蓄险,2025-11-27 07:19:51
何以解忧？中产财富规划，宏利宏挚传承给出最优解？,https://mp.weixin.qq.com/s/OKi38M2BIXx0VJgHqmE2wg,港险渠道,⛔ 看文章再确定,虽有产品名但题型偏情绪，需看内容深度,2025-11-27 07:19:51
香港5年交储蓄险收益天花板：安盛盛利II登顶提领之王？7款爆款实测,https://mp.weixin.qq.com/s/FosmNT4K8w1Bk9sMYx6mCQ,港险渠道,⛔ 看文章再确定,虽为产品测评但未点具体7款，需看内容,2025-11-27 07:19:51
解锁香港热门储蓄险的「提领密码」：打造终身现金流攻略,https://mp.weixin.qq.com/s/ZukPOHYGp0AsUkW5KgKLZQ,崔伟说投资,⛔ 看文章再确定,无产品名但可能有价值，需内容判断,2025-11-27 07:19:51
太保香港「鑫相伴」快返年金王！保证2.5%领130年，还能换人领！,https://mp.weixin.qq.com/s/KSBwZEIcWc-EFtB4KyVhKA,长城港险,⛔ 看文章再确定,产品是否确属港险需确认,2025-11-27 07:19:51
深扒友邦公司背景：百年品牌背后的 AIG 旧债，你以为的稳，真撑得过 30 年吗,https://mp.weixin.qq.com/s/PIIBYG16DkyND0NPfLxV0A,心水保,⛔ 看文章再确定,涉及公司风险但需判断是否越界,2025-11-27 07:19:51
中产家庭的 “备用水脉”：香港保险不是智商税，是危机时的财富护城河！,https://mp.weixin.qq.com/s/kfecJH3yzXG2Nq_NZJibHA,心水保,⛔ 看文章再确定,无产品名，概念性内容需判断价值,2025-11-27 07:19:51
放弃 “收益排行”！8 家港险保司真实测评：分红实现率波动、条款陷阱、股东风险一文说透,https://mp.weixin.qq.com/s/aHbOcphCMgP9qsE-SYNX-g,心水保,⛔ 看文章再确定,范围较广，需看是否可复用,2025-11-27 07:19:51
中资港险新选择！太保「鑫相伴」：3.3% 年领 + 本金不缩水，传承 + 就医 + 养老权益一站式搞定,https://mp.weixin.qq.com/s/890Xn4LZUawryGvD-ITWJA,心水保,⛔ 看文章再确定,需确认为港险产品,2025-11-27 07:19:51
9. 周大福放大招！飞扬盛世认购期确认延长，10.1% 预缴利率,,未知公众号,🙅‍ 不选,非保险产品,2025-11-27 07:19:51
11. 港险产品别只盯 “谁先到 6.5%”！长期收益稳不稳，这 3 个细节才是关键,https://mp.weixin.qq.com/s/XlQ9o4XLxHyt75dFLxQYow,心水保,⛔ 看文章再确定,未点名产品,2025-11-27 07:19:51
15. 五年定存下架，存款利率走低？香港保险稳赚30年,,未知公众号,⛔ 看文章再确定,未点名产品,2025-11-27 07:19:51
18. 香港储蓄险前20年收益终极PK,,未知公众号,⛔ 看文章再确定,未指向具体产品,2025-11-27 07:19:51
19. 内地分红险预定利率跌破2%，6.5%香港分红险更具性价比,https://mp.weixin.qq.com/s/Tn87wxXL0p-BvJcKOfsc6Q,港险优选专家,⛔ 看文章再确定,泛对比,2025-11-27 07:19:51
21. 内地客户的第一款港险闭眼选：友邦/永明/太平洋三款王牌,,未知公众号,⛔ 看文章再确定,未点具体产品,2025-11-27 07:19:51
26. 40岁养老，中国人寿「鑫鸿福」or中国人寿海外「傲珑盛世」,,未知公众号,⛔ 看文章再确定,内地+海外混合未明,2025-11-27 07:19:51
27. 2025年香港保险和大陆保险的区别,,未知公众号,⛔ 看文章再确定,行业科普,2025-11-27 07:19:51
31. 38岁中产的香港重疾险方案,,未知公众号,⛔ 看文章再确定,重疾不一定有通用逻辑,2025-11-27 07:19:51
33. 安达「安心退休」终身派息,,未知公众号,⛔ 看文章再确定,非主流监控保司,2025-11-27 07:19:51
35. 五年缴费 17款产品保证收益对比,,未知公众号,⛔ 看文章再确定,大合集需细看,2025-11-27 07:19:51
36. 香港养老年金险vs内地养老年金险,,未知公众号,⛔ 看文章再确定,跨地区科普,2025-11-27 07:19:51
38. 我用安盛盛利II给女儿备终身现金流,,未知公众号,⛔ 看文章再确定,故事类,2025-11-27 07:19:51
40. 中国人寿新品养老金 vs 傲珑创富,,未知公众号,⛔ 看文章再确定,内地+海外混合,2025-11-27 07:19:51
41. 港险短缴攻略：2/3年交,,未知公众号,⛔ 看文章再确定,未指向产品,2025-11-27 07:19:51
42. 港险“567”提领王易主？,,未知公众号,⛔ 看文章再确定,缺少产品名,2025-11-27 07:19:51
44. 你的香港保单成“孤儿”了？,,未知公众号,⛔ 看文章再确定,售后类型,2025-11-27 07:19:51
46. 这家号称10年分红实现率100%的保险,,未知公众号,⛔ 看文章再确定,未点产品,2025-11-27 07:19:51
47. 5%vs3.3%？太保 vs 中银,,未知公众号,⛔ 看文章再确定,可能涉内地,2025-11-27 07:19:51
48. 银行都慌了？太保3%吃息,,未知公众号,⛔ 看文章再确定,可能非港险,2025-11-27 07:19:51
49. 6款顶尖港险巅峰对决,,未知公众号,⛔ 看文章再确定,未列具体产品,2025-11-27 07:19:51
50. 如何挑选HK储蓄险？,,未知公众号,⛔ 看文章再确定,纯科普,2025-11-27 07:19:51
不讲预期，只派真金！终身锁息2.5%，快返年金王横空出世！,,未知公众号,匹配失败,无法找到相似度超过95%的原始文章,2025-11-27 07:19:51
2025年11月24日，香港中银人寿推出新款储蓄险（寰御安心）,,未知公众号,匹配失败,无法找到相似度超过95%的原始文章,2025-11-27 07:19:51
8. 高净值人群都在抢！国寿融资保单：9 年复利 7%+ 单利 13.94%，171 万本金变 386 万,,未知公众号,匹配失败,无法找到相似度超过95%的原始文章,2025-11-27 07:19:51
10. 港险老大哥友邦深度拆解：亚洲投资策略 + 分红兑现力,,未知公众号,匹配失败,无法找到相似度超过95%的原始文章,2025-11-27 07:19:51
12. 港险收益新格局！富卫盈聚天下 2：236 提领碾压同类,,未知公众号,匹配失败,无法找到相似度超过95%的原始文章,2025-11-27 07:19:51
13. 11 月港险选购指南：安盛 / 友邦 / 万通等爆款上榜,,未知公众号,匹配失败,无法找到相似度超过95%的原始文章,2025-11-27 07:19:51
14. 友邦「环宇盈活」VS永明「星河尊享2」,,未知公众号,匹配失败,无法找到相似度超过95%的原始文章,2025-11-27 07:19:51
16. 2025年两地分红险深度测评 | 2%内地VS 6.5%香港,,未知公众号,匹配失败,无法找到相似度超过95%的原始文章,2025-11-27 07:19:51
17. 2025香港保险公司十大排名,,未知公众号,匹配失败,无法找到相似度超过95%的原始文章,2025-11-27 07:19:51
20. 永明「星河尊享2」长期稳健！,,未知公众号,匹配失败,无法找到相似度超过95%的原始文章,2025-11-27 07:19:51
22. 安盛「盛利2」吸引大批回头客,,未知公众号,匹配失败,无法找到相似度超过95%的原始文章,2025-11-27 07:19:51
23. 安盛「盛利2」vs 友邦「环宇盈活」,,未知公众号,匹配失败,无法找到相似度超过95%的原始文章,2025-11-27 07:19:51
24. 11月最新香港储蓄险榜单,,未知公众号,匹配失败,无法找到相似度超过95%的原始文章,2025-11-27 07:19:51
25. 香港友邦2025年最新财报解读,,未知公众号,匹配失败,无法找到相似度超过95%的原始文章,2025-11-27 07:19:51
28. 友邦vs保诚vs安盛vs宏利：45岁姐姐案例,,未知公众号,匹配失败,无法找到相似度超过95%的原始文章,2025-11-27 07:19:51
29. 太保（香港）「鑫相伴」：终身吃息,,未知公众号,匹配失败,无法找到相似度超过95%的原始文章,2025-11-27 07:19:51
30. 万通新品「富饶万家」 vs 「富饶千秋」,,未知公众号,匹配失败,无法找到相似度超过95%的原始文章,2025-11-27 07:19:51
32. 11月香港保险排行榜,,未知公众号,匹配失败,无法找到相似度超过95%的原始文章,2025-11-27 07:19:51
34. 富卫新品「盈聚‧天下Ⅱ」不适合所有人,,未知公众号,匹配失败,无法找到相似度超过95%的原始文章,2025-11-27 07:19:51
37. 友邦vs保诚vs安盛vs宏利案例,,未知公众号,匹配失败,无法找到相似度超过95%的原始文章,2025-11-27 07:19:51
39. 安盛盛利II至尊 vs 环宇盈活 vs 万年青,,未知公众号,匹配失败,无法找到相似度超过95%的原始文章,2025-11-27 07:19:51
43. 太保「鑫相伴」年金险：交完能领,,未知公众号,匹配失败,无法找到相似度超过95%的原始文章,2025-11-27 07:19:51
45. 万通「富饶万家」超全测评,,未知公众号,匹配失败,无法找到相似度超过95%的原始文章,2025-11-27 07:19:51
友邦「环宇盈活」vs 永明「星河尊享2」：顶尖对决，选错=白买？,https://mp.weixin.qq.com/s/SbX-IjqQcKpb4If5n7RT_g,木木小财女,已删除,"文章已被删除或无法访问，生成了""未命名文章""",2025-11-29 00:31:06
重疾赔后，还能继续赔同组？「海绵保宝」给孩子持续保障！,https://mp.weixin.qq.com/s/xUVRvgAqrfCcYv1aEQUd1Q,木木小财女,🙅‍ 不选,重疾险产品「海绵保宝」为内地产品，与香港储蓄险业务无关。,2025-11-29 00:32:37
你们都误会香港保险了！,https://mp.weixin.qq.com/s/Vfn0eTuGPQMB7l2pytJSPQ,特别分子Mark,⛔ 看文章再确定,泛香港保险观点类标题，未指向具体产品，也未明显具备钩子特征，需要阅读判断是否有可复用的底层逻辑。,2025-11-29 00:32:37
高考以外的选择：远见父母，考虑以⾹港储蓄寿险为子女留学做准备,https://mp.weixin.qq.com/s/UzMJORSTUBfCGNltgDX3Lg,香港保险圈,⛔ 看文章再确定,带有场景，但未指向产品，内容价值不明确。,2025-11-29 00:32:37
内地人买港险违法吗，钱想转回内地方便吗？,https://mp.weixin.qq.com/s/CDw67Xl7Q7DoTWJrOsz7RQ,多财Global,🙅‍ 不选,涉及合规、资金跨境相关，政策风险边界太高。,2025-11-29 00:32:37
港险，再见。长坡，你好。,https://mp.weixin.qq.com/s/Qm0Dv6jMoYfBgrbDWHATLA,港险研究院,⛔ 看文章再确定,标题极度模糊，无法判断指向。,2025-11-29 00:32:37
公职人员可以买香港保险吗？申报哪些内容？怎么签？,https://mp.weixin.qq.com/s/nz-Lj03C_9wCexDII1EL5Q,港险渠道,⛔ 看文章再确定,敏感身份合规内容，需查看是否存在政策风险。,2025-11-29 00:32:37
人民币强势升破7.09！现在是配置香港美元资产的历史性机遇吗？,https://mp.weixin.qq.com/s/CrRUT18ETJOP99nQbniNhg,港险渠道,🙅‍ 不选,涉及汇率、宏观美元资产判断，属于高危“换汇/汇率”范畴。,2025-11-29 00:32:37
最新，跨境支付通香港和内地银行数量大幅扩容……,https://mp.weixin.qq.com/s/BEUsAUUzU_VV-wZJIBbOfQ,崔伟说投资,🙅‍ 不选,明确高危政策词“跨境支付通”，直接排除。,2025-11-29 00:32:37
香港微蓝保险公司，不承保国家/地区名单,https://mp.weixin.qq.com/s/UEo2C-yAaZkCZGyorE74sQ,香港保险行业资讯,⛔ 看文章再确定,公司承保范围说明类，需看是否有业务价值。,2025-11-29 00:32:37
五年定存下架，存款利率持续走低？香港保险稳赚 30 年，成“挪储锁息”最佳选择！,https://mp.weixin.qq.com/s/Wv4gu1geVA3H9INHaG-Nqw,港险优选专家,⛔ 看文章再确定,整体偏宏观利率讨论，需要确认是否触及政策高危。,2025-11-29 00:32:37
香港储蓄险前20年收益终极PK：这三款躺赚神器，让财富滚雪球！,https://mp.weixin.qq.com/s/gtmjE8jhIFvSOWHATDhRZw,港险优选专家,⛔ 看文章再确定,数字+PK，但未点明具体产品，接近钩子，需要内容确认。,2025-11-29 00:32:38
内地客户的第一款港险闭眼选：友邦/永明/太平洋三款王牌，选它不出错！,https://mp.weixin.qq.com/s/K4KsaljrA8a-ad14qRNO3Q,港险优选专家,⛔ 看文章再确定,产品组合推荐，但标题太泛，需要确认是否有深度逻辑。,2025-11-29 00:32:38
开门红第二弹！太平洋人寿（内地）-鑫福相伴（盛世版）VS 太平洋人寿（香港）-世代鑫享，30年差距高达45万！,https://mp.weixin.qq.com/s/r79Lg8QHWLJPBeL1jEWdKg,小冯妮儿聊港险,🙅‍ 不选,含内地开门红产品，不属于相关业务范畴。,2025-11-29 00:32:38
香港银行卡里有10万美金，这么做年化3%-10%，美元定存/货币基金/美国国债/香港储蓄险怎么选？,https://mp.weixin.qq.com/s/Gvk8AtyB4Oxy-PUUMzZTjQ,小冯妮儿聊港险,🙅‍ 不选,包含美债、货币基金、定存多类资产配置，偏离香港储蓄险业务。,2025-11-29 00:32:38
40岁养老，中国人寿开门红「鑫鸿福」养老金 or 中国人寿海外「傲珑盛世」？,https://mp.weixin.qq.com/s/THCLMkg-rG3s_2E1yQ-TNA,小冯妮儿聊港险,🙅‍ 不选,出现内地开门红，混合对比依旧排除。,2025-11-29 00:32:38
2025年一文讲清，香港保险和大陆保险的区别！,https://mp.weixin.qq.com/s/HeVmTK_V5cCkmCmLh3JJ0g,小冯妮儿聊港险,⛔ 看文章再确定,大观点内容，需确认是否有底层逻辑可抽取。,2025-11-29 00:32:38
38岁中产的香港重疾险方案：保额10万美金，首年杠杆36倍！,https://mp.weixin.qq.com/s/QSdZ3rR8Hp8W_mdQ2vnhWg,小冯妮儿聊港险,🙅‍ 不选,重疾险与核心储蓄险业务无关。,2025-11-29 00:32:38
养老首选！保证派息4.47%，写进合同，安达「安心退休」让你稳定拿钱到100岁~,https://mp.weixin.qq.com/s/-w4Y1Q5d_qctxKD7nHygWA,小冯妮儿聊港险,⛔ 看文章再确定,虽然有产品名，但需确认派息是否涉及敏感资产说明。,2025-11-29 00:32:38
香港养老年金险vs内地养老年金险，差距高达30多万，买养老金必看！,https://mp.weixin.qq.com/s/fOLWZYx2BlZ5DkLaYrD_tg,小冯妮儿聊港险,⛔ 看文章再确定,涉及港险VS内地险，可能偏行业讨论，也可能有价值，需要看文判断。,2025-11-29 00:32:38
太保「鑫相伴」年金险：交完就能领，每年3.3%，失智双倍领，剩余现价还能一直涨？,https://mp.weixin.qq.com/s/VeFCdqVb4dlrZ-j2tRINrg,港险圈研究院,🙅‍ 不选,太保为内地保险公司且内容属于纯内地年金险，与港险业务无关。,2025-11-29 00:32:38
作为太平香港的客户，看到它这次的反应，我放心了,https://mp.weixin.qq.com/s/kIj0AInE2jHn-W9io8rGlA,有态度的精蒜湿,⛔ 看文章再确定,含太平香港，但方向不明，可能是公司动作或情绪类，需要看文判断。,2025-11-29 00:32:38
这家号称10年实现分红实现率100%的保险，到底能不能买？,https://mp.weixin.qq.com/s/ERgDc0-kFkBo2A_t_829Aw,有态度的精蒜湿,⛔ 看文章再确定,没有说具体产品或是否为香港保险，需要看文章确认。,2025-11-29 00:32:38
直播预告 | 太平洋保险王炸年金，每年稳收3.3%,https://mp.weixin.qq.com/s/257kUr1iZPvm9X4G7HODiw,伟伟说投资,🙅‍ 不选,太平洋保险为内地保险公司，属于内地年金险。,2025-11-29 00:32:38
太保爆款升级！蛮好的人生2025年金保险（分红型）五年就领，终身吃息3%！,https://mp.weixin.qq.com/s/JIw7ZM-FqjWLUd1-v75bwA,伟伟说投资,🙅‍ 不选,太保为内地险，非香港保险。,2025-11-29 00:32:38
银行内部提醒：2026年起，这4种存款悄悄亏本金！90%储户还在踩坑,https://mp.weixin.qq.com/s/fbcL-uminM7QvDPUhlEDjg,伟伟说投资,🙅‍ 不选,纯银行存款内容，不涉及港险。,2025-11-29 00:32:38
太保王炸年金！每年稳收3.3%，本金还在一直涨,https://mp.weixin.qq.com/s/R6fTxFFb47hGkTbRMu7_CQ,伟伟说投资,🙅‍ 不选,太保为内地保险公司，与港险无关。,2025-11-29 00:32:38
5%反而拼不过3.3%？太保中银硬核PK，选错可能少拿20万！,https://mp.weixin.qq.com/s/KNM5tZx9z6T7STln0pW5OQ,伟伟说投资,🙅‍ 不选,包含太保（内地）且对比分不明确是否中银香港，风险大，归不选。,2025-11-29 00:32:38
银行都慌了？太保3%吃息王炸暴击低利率，终身领钱本金还在,https://mp.weixin.qq.com/s/zIAsxIPGUGP6q8wJsIYFgA,伟伟说投资,🙅‍ 不选,太保为内地保险公司，与港险业务无关。,2025-11-29 00:32:38
40岁不上班，每年躺收9.2万一直到老，即交即领…（全文为年金解析）,,未知公众号,匹配失败,无法找到相似度超过95%的原始文章,2025-11-29 00:32:38
香港保险12月优惠汇总！年末冲刺优惠多，降息前绝佳投保窗口期！,https://mp.weixin.qq.com/s/D6wz8BddCnP7TF-rd13gZw,崔伟说投资,已删除,"文章已被删除或无法访问，生成了""未命名文章""",2025-12-08 14:23:00
知名教授揭秘“香港金饭碗”：“直接原地躺平，堪比事业单位退休！”,https://mp.weixin.qq.com/s/9W7a1ySTD57cDXyGbKeTzA,港险宝宝PRO,🙅‍ 不选,非保险内容。,2025-12-08 14:24:33
万通保险、胡润百富联合发布《2025中国高净值人群金融投资需求与趋势白皮书》,https://mp.weixin.qq.com/s/u_YZZDLuyLQuEuygweeumg,港险宝宝PRO,🙅‍ 不选,研究白皮书，非保险主题。,2025-12-08 14:24:33
20亿港元？太平香港：“能赔快赔、应赔尽赔、合理预赔”！,https://mp.weixin.qq.com/s/2qT4MrDyaupgtR3aGQDOIw,港险宝宝PRO,🙅‍ 不选,公司理赔新闻，无投保价值。,2025-12-08 14:24:33
香港火灾，保险业等各界在行动，周大福捐款2000万，万通捐款1000万，还有。。。,https://mp.weixin.qq.com/s/cWAbh-Xc0QEXK8i7ryM9RA,港险宝宝PRO,🙅‍ 不选,社会新闻。,2025-12-08 14:24:33
从解码财富到定义未来：万通保险与胡润联合发布《2025中国高净值人群金融需求与趋势白皮书》,https://mp.weixin.qq.com/s/T6mghjIcTDHpPmuihSnc6w,香港保险圈,🙅‍ 不选,非保险内容。,2025-12-08 14:24:33
不出国不移民，有必要买美元资产吗？,https://mp.weixin.qq.com/s/fJ_H9g0NwtEHBRSaErjbfg,蓝星探险,🙅‍ 不选,美元资产投资泛财经。,2025-12-08 14:24:33
债基三天跌没两年收益，年底理财这颗雷，不得不防,https://mp.weixin.qq.com/s/1w_pkHJeUKsxmCZAsWR5tg,港险研究院,🙅‍ 不选,纯理财财经内容。,2025-12-08 14:24:34
二十年私行老兵：2026年，守住财富比赚钱难十倍,https://mp.weixin.qq.com/s/nLkkm5KFSlCiRUPUvfUdcg,港险研究院,🙅‍ 不选,个人观点类财经。,2025-12-08 14:24:34
5年期存单停售！财富“退路”在哪里？,https://mp.weixin.qq.com/s/sa5EXZj_c7BSXIY6gyNjjQ,港险研究院,🙅‍ 不选,非保险。,2025-12-08 14:24:34
你的房子，正在被“演员”围猎,https://mp.weixin.qq.com/s/lpAfVgqZCo-R89DdY2YJPw,港险研究院,🙅‍ 不选,社会新闻。,2025-12-08 14:24:34
保险费用“新算法”：你的保费，今后可能更便宜,https://mp.weixin.qq.com/s/MUMr9zGySXPTR8kApw0gRg,港险渠道,🙅‍ 不选,行业监管新闻。,2025-12-08 14:24:34
万通与胡润百富 发布《高净值金融投资白皮书》,https://mp.weixin.qq.com/s/ZbEH822VkBDZyItsjfFPSg,港险渠道,🙅‍ 不选,白皮书非保险。,2025-12-08 14:24:34
官宣，19万亿，香港成全球资金避险安全港！,https://mp.weixin.qq.com/s/xlELZFGkd77qNzCJmIHHng,崔伟说投资,🙅‍ 不选,宏观资金流新闻。,2025-12-08 14:24:34
2025年12月起，香港友邦保险新增APP取美元入账功能,https://mp.weixin.qq.com/s/YOf8snKkOpgGTUZZmUYQDA,香港保险行业资讯,🙅‍ 不选,敏感方向靠近跨境资金相关。,2025-12-08 14:24:34
2025年，香港保诚公司在售3款重疾险对比,https://mp.weixin.qq.com/s/804XbSQB_Q9IYvchYqgssQ,香港保险行业资讯,🙅‍ 不选,重疾险，且无港险储蓄险关联,2025-12-08 14:24:34
香港10款重疾险，“原位癌”具体病种,https://mp.weixin.qq.com/s/kT09iJFTWiIIx_oafhjm5g,香港保险行业资讯,🙅‍ 不选,重疾险主题,2025-12-08 14:24:34
2025年12月起，香港友邦保险新增APP取美元入账功能,https://mp.weixin.qq.com/s/YOf8snKkOpgGTUZZmUYQDA,香港保险行业资讯,🙅‍ 不选,银行/入账功能易涉及资金流，非保险内容,2025-12-08 14:24:34
万通×胡润2025白皮书：高净值人群资产配置新趋势,https://mp.weixin.qq.com/s/5uZaPiIKmJw_O5_-LAlqnA,长城港险,🙅‍ 不选,宏观财富报告，无保险核心产品,2025-12-08 14:24:34
香港保险真能在内地避税避债？资产隔离功能到底有多强？,https://mp.weixin.qq.com/s/FyeuadbmU4xLbBkVr0AuNA,港险优选专家,🙅‍ 不选,涉及避税敏感,2025-12-08 14:24:34
我帮1000+客户开通香港银行卡的经验总结：这5家0存款无管理费的香港银行，内地人自己就能办！,https://mp.weixin.qq.com/s/QWzlIvIISO0W3XlcEDFm_A,小冯妮儿聊港险,🙅‍ 不选,银行开户攻略，敏感,2025-12-08 14:24:34
1. 真实客户案例：给60岁父母补充养老金，晚领一年能多拿500万，太……,https://mp.weixin.qq.com/s/muUob51q3wBL9ZMW5QFIYg,小冯妮儿聊港险,🙅‍ 不选,未提及香港保险或相关产品,2025-12-08 14:24:34
2. 大陆居民怎么买美股？2大路径与3大注意事项，看这篇就够了,https://mp.weixin.qq.com/s/p0ypQi99oZLcKoPDyZG7bg,小冯妮儿聊港险,🙅‍ 不选,美股开户属红线,2025-12-08 14:24:34
3. 什么？2026年外汇超1000美元就严查？还能买香港保险吗？,https://mp.weixin.qq.com/s/gGsF_cIdE4_Ji9BSqU6FTA,小冯妮儿聊港险,🙅‍ 不选,涉及外汇严查红线,2025-12-08 14:24:34
4. 香港银行卡里有10万美金，这么做年化3%-10%，美元定存/货币基金/美国国债/香港储蓄险怎么选？,https://mp.weixin.qq.com/s/ztSYbUk0sj2Bn1vcleEwKg,小冯妮儿聊港险,🙅‍ 不选,核心为银行与理财工具比较,2025-12-08 14:24:34
7. 六大行集体“下架”5年期大额存单？别慌，我这还有锁定终身年化3.3%的永续存单！,https://mp.weixin.qq.com/s/jYHgTG0Xo3f5XFSJaSnHFQ,小冯妮儿聊港险,🙅‍ 不选,银行类内容,2025-12-08 14:24:34
15. 超越瑞士！香港登顶全球财富中心之巅~,,未知公众号,🙅‍ 不选,宏观新闻无关港险,2025-12-08 14:24:34
23. 炒过股才知道，我们其实已经破产了~,,未知公众号,🙅‍ 不选,与保险无关,2025-12-08 14:24:34
24. 叫兽们，玩的真花~,,未知公众号,🙅‍ 不选,无关内容,2025-12-08 14:24:34
27. 我有500万存款，却订不到一张养老床位~,,未知公众号,🙅‍ 不选,养老社会问题,2025-12-08 14:24:34
28. 跨境汇款新规2026年落地！转账严格再升级？！,,未知公众号,🙅‍ 不选,跨境汇款涉及红线,2025-12-08 14:24:34
29. 年底去银行存钱，这3件事一定要当心！,,未知公众号,🙅‍ 不选,银行类,2025-12-08 14:24:34
30. 直播预告 | 央企出大招，年金收益率4.67%，交完第2年就领钱,https://mp.weixin.qq.com/s/inCLv1YjeqnoCN0ZGfNI4Q,伟伟说投资,🙅‍ 不选,非香港保险,2025-12-08 14:24:34
31. 29岁宝爸车祸去世，留下两个孩子…宝妈的选择让全网泪崩！,https://mp.weixin.qq.com/s/UhKnT0cNuuo-xUvxY6dRYw,伟伟说投资,🙅‍ 不选,无港险指向,2025-12-08 14:24:34
33. 国有6大行，3年5年定期存款，2025年底大变天！,,未知公众号,🙅‍ 不选,银行内容,2025-12-08 14:24:34
34. 直播预告 | 央企出大招，年金收益率4.67%，交完第2年就领钱,https://mp.weixin.qq.com/s/inCLv1YjeqnoCN0ZGfNI4Q,伟伟说投资,🙅‍ 不选,,2025-12-08 14:24:35
36. 突发！六大行停售大额存单，你存款该怎么办？,,未知公众号,🙅‍ 不选,,2025-12-08 14:24:35
37. 退税羊毛终极攻略！年底截止！双倍福利锁定最后的机会！,,未知公众号,🙅‍ 不选,,2025-12-08 14:24:35
38. 存款保卫战打响！手握20万以上的家庭，这3手准备再不做就晚了！,https://mp.weixin.qq.com/s/EsshR1Z_R3Lu7OB0PWzNNA,伟伟说投资,🙅‍ 不选,,2025-12-08 14:24:35
39. 直播预告 | 本金不动，每年吃息3.3%+,,未知公众号,🙅‍ 不选,,2025-12-08 14:24:35
40. 直播预告 | 本金不动，每年吃息3.3%+,,未知公众号,🙅‍ 不选,,2025-12-08 14:24:35
41. 直播预告 | 本金不动，每年吃息3.3%+,,未知公众号,🙅‍ 不选,,2025-12-08 14:24:35
42. 八成中国人都在为此焦虑：你的养老钱，够用吗？,,未知公众号,🙅‍ 不选,泛养老焦虑，不涉及港险,2025-12-08 14:24:35
40岁不上班，每年躺收9.2万一直到老…这真是大家认识的香港保险吗？,,未知公众号,匹配失败,无法找到相似度超过95%的原始文章,2025-12-08 14:24:35
人民币升破7.09，创逾一年新高！又到港险配置好时节！,,未知公众号,匹配失败,无法找到相似度超过95%的原始文章,2025-12-08 14:24:35
17. 港险的货币转换=换保单？别慌！这2款不一样~,,未知公众号,匹配失败,无法找到相似度超过95%的原始文章,2025-12-08 14:24:35
20. 港险“567”提领王易主？最新5年交对比来了~,,未知公众号,匹配失败,无法找到相似度超过95%的原始文章,2025-12-08 14:24:35
22. 鑫相伴快返年金 | 终身保底2.5%复利+,,未知公众号,匹配失败,无法找到相似度超过95%的原始文章,2025-12-08 14:24:35
25. 吓都吓死了，这款港险终身保证2.5%+,,未知公众号,匹配失败,无法找到相似度超过95%的原始文章,2025-12-08 14:24:35
26. 628亿港元！内地人买港险创新高，背后原因太真实~,,未知公众号,匹配失败,无法找到相似度超过95%的原始文章,2025-12-08 14:24:35
32. 中英悦活人生C款，新的“挪储”首选！,,未知公众号,匹配失败,无法找到相似度超过95%的原始文章,2025-12-08 14:24:35
35. 12月，太平洋保险（太保）火力全歇？！,,未知公众号,匹配失败,无法找到相似度超过95%的原始文章,2025-12-08 14:24:35
6.5%时代，最适合中产提前退休的两个港险方案？,https://mp.weixin.qq.com/s/l_kgaNWRJzkaKpQQe6ChZA,特别分子Mark,已删除,"文章已被删除或无法访问，生成了""未命名文章""",2025-12-08 14:38:46
2025年12月起，香港友邦保险新增APP取美元入账功能,https://mp.weixin.qq.com/s/cC6cjsFwRXQiCKUETgCYxg,香港保险行业资讯,🙅‍ 不选,涉及跨境/入账敏感,2025-12-08 14:40:02
40. 超越瑞士！香港登顶全球财富中心之巅~,,未知公众号,🙅‍ 不选,纯财经资讯，与保险无关。,2025-12-08 14:40:02
48. 炒过股才知道，我们其实已经破产了~,,未知公众号,🙅‍ 不选,与港险无关。,2025-12-08 14:40:02
49. 叫兽们，玩的真花~,,未知公众号,🙅‍ 不选,无关内容。,2025-12-08 14:40:02
我有500万存款，却订不到一张养老床位~,https://mp.weixin.qq.com/s/aF-IKkstHSEGeiYE8hRyJA,有态度的精蒜湿,🙅‍ 不选,与香港保险无关，属于纯社会民生话题。,2025-12-08 14:40:02
跨境汇款新规2026年落地！转账严格再升级？！,https://mp.weixin.qq.com/s/ze0Pc001f49CwDzskPhf8Q,伟伟说投资,🙅‍ 不选,涉及跨境汇款属于监管敏感区，直接剔除。,2025-12-08 14:40:02
年底去银行存钱，这3件事一定要当心！,https://mp.weixin.qq.com/s/8WYgh18LyIe71-pTEzuUPw,伟伟说投资,🙅‍ 不选,纯银行存款内容，与港险无关。,2025-12-08 14:40:02
直播预告 | 央企出大招，年金收益率4.67%，交完第2年就领钱,https://mp.weixin.qq.com/s/O88KSiwqZIaEr1Nf-4QReg,伟伟说投资,🙅‍ 不选,内地年金产品，与香港保险无关。,2025-12-08 14:40:02
当存款不再“躺赢”，聪明人已转向！中英悦活人生C款，新的“挪储”首选！,https://mp.weixin.qq.com/s/nHGrefkRigA6OSSIav-eTg,伟伟说投资,🙅‍ 不选,中英人寿为内地保险公司，非香港产品。,2025-12-08 14:40:02
国有6大行，3年5年定期存款，2025年底大变天！,https://mp.weixin.qq.com/s/Zyyt9cmKkR1WTqHYULSTZw,伟伟说投资,🙅‍ 不选,纯银行存款内容，与港险无关。,2025-12-08 14:40:02
12月，太平洋保险（太保）火力全歇？！,https://mp.weixin.qq.com/s/l1Dh0UXkZkbapbnmR4YIVQ,伟伟说投资,🙅‍ 不选,太保为内地保险公司，内容不涉及香港保险。,2025-12-08 14:40:02
突发！六大行停售大额存单，你存款该怎么办？,https://mp.weixin.qq.com/s/aN_jS6LQg1a1n2JNHPEIdQ,伟伟说投资,🙅‍ 不选,银行大额存单话题，与港险无关。,2025-12-08 14:40:02
退税羊毛终极攻略！年底截止！双倍福利锁定最后的机会！,https://mp.weixin.qq.com/s/LSEWXlCd6bPfz1Pni0y5aA,伟伟说投资,🙅‍ 不选,税务优惠攻略，与香港保险无关。,2025-12-08 14:40:02
直播预告 | 本金不动，每年吃息3.3%+,https://mp.weixin.qq.com/s/0Y6gTTNAsU4eOkFY15_NBg,伟伟说投资,🙅‍ 不选,无明确港险信息，偏理财收益宣传，无法映射至港险分类。,2025-12-08 14:40:02
直播预告 | 本金不动，每年吃息3.3%+,https://mp.weixin.qq.com/s/0Y6gTTNAsU4eOkFY15_NBg,伟伟说投资,🙅‍ 不选,同上。,2025-12-08 14:40:02
直播预告 | 本金不动，每年吃息3.3%+,https://mp.weixin.qq.com/s/0Y6gTTNAsU4eOkFY15_NBg,伟伟说投资,🙅‍ 不选,同上。,2025-12-08 14:40:02
八成中国人都在为此焦虑：你的养老钱，够用吗？,https://mp.weixin.qq.com/s/JlgtvN4wnAEUG-HTFJn5kA,伟伟说投资,🙅‍ 不选,纯养老焦虑社会话题，没有港险指向。,2025-12-08 14:40:03
40岁不上班，每年躺收9.2万一直到老…,,未知公众号,匹配失败,无法找到相似度超过95%的原始文章,2025-12-08 14:40:03
火力全开！保诚推保费优惠加码20%+…,,未知公众号,匹配失败,无法找到相似度超过95%的原始文章,2025-12-08 14:40:03
人民币升破7.09…又到港险配置好时节！,,未知公众号,匹配失败,无法找到相似度超过95%的原始文章,2025-12-08 14:40:03
整付首选！太平「喜裕」…,,未知公众号,匹配失败,无法找到相似度超过95%的原始文章,2025-12-08 14:40:03
富卫上市这一年｜如何与众不同？,,未知公众号,匹配失败,无法找到相似度超过95%的原始文章,2025-12-08 14:40:03
香港保险12月优惠汇总！…,,未知公众号,匹配失败,无法找到相似度超过95%的原始文章,2025-12-08 14:40:03
保底收益最高的两款港险，世代鑫享VS鑫相伴,,未知公众号,匹配失败,无法找到相似度超过95%的原始文章,2025-12-08 14:40:03
万通富饶万家3000字深度测评…,,未知公众号,匹配失败,无法找到相似度超过95%的原始文章,2025-12-08 14:40:03
美联储降息，央企中国人寿…,,未知公众号,匹配失败,无法找到相似度超过95%的原始文章,2025-12-08 14:40:03
国寿「傲珑盛世」能否脱颖而出？,,未知公众号,匹配失败,无法找到相似度超过95%的原始文章,2025-12-08 14:40:03
55岁还能配置终身现金流？,,未知公众号,匹配失败,无法找到相似度超过95%的原始文章,2025-12-08 14:40:03
分红险怎么选？看准分红实现率…,,未知公众号,匹配失败,无法找到相似度超过95%的原始文章,2025-12-08 14:40:03
AXA安盛如何重塑保险业标杆,,未知公众号,匹配失败,无法找到相似度超过95%的原始文章,2025-12-08 14:40:03
比老款快11年见6.5%IRR：富饶万家,,未知公众号,匹配失败,无法找到相似度超过95%的原始文章,2025-12-08 14:40:03
宏利「宏挚传承」or 忠意…选谁？,,未知公众号,匹配失败,无法找到相似度超过95%的原始文章,2025-12-08 14:40:03
13家香港保险公司23款储蓄险大对比,,未知公众号,匹配失败,无法找到相似度超过95%的原始文章,2025-12-08 14:40:03
每年3万连存5年…留一笔巨款,,未知公众号,匹配失败,无法找到相似度超过95%的原始文章,2025-12-08 14:40:03
人民币升破7.09…又到港险配置好时节！,,未知公众号,匹配失败,无法找到相似度超过95%的原始文章,2025-12-08 14:40:03
30年登顶6.5%！万记「富饶」系列…,,未知公众号,匹配失败,无法找到相似度超过95%的原始文章,2025-12-08 14:40:03
香港万通保险储蓄险（富饶万家）…,,未知公众号,匹配失败,无法找到相似度超过95%的原始文章,2025-12-08 14:40:03
香港中国人寿（傲珑盛世）优化升级,,未知公众号,匹配失败,无法找到相似度超过95%的原始文章,2025-12-08 14:40:03
香港中银人寿推出（寰御安心）,,未知公众号,匹配失败,无法找到相似度超过95%的原始文章,2025-12-08 14:40:03
香港中国人寿推出钻逸传承（尊尚版）,,未知公众号,匹配失败,无法找到相似度超过95%的原始文章,2025-12-08 14:40:03
香港太平洋保险推出新款（鑫相伴）,,未知公众号,匹配失败,无法找到相似度超过95%的原始文章,2025-12-08 14:40:03
中Y人寿储蓄险升级！寰御安心…,,未知公众号,匹配失败,无法找到相似度超过95%的原始文章,2025-12-08 14:40:03
香港友邦年终加码！,,未知公众号,匹配失败,无法找到相似度超过95%的原始文章,2025-12-08 14:40:03
香港保诚年末福利一条龙！,,未知公众号,匹配失败,无法找到相似度超过95%的原始文章,2025-12-08 14:40:03
上市后的王炸！富卫「盈聚天下2」,,未知公众号,匹配失败,无法找到相似度超过95%的原始文章,2025-12-08 14:40:03
分红险再迎利好丨风险因子下调,,未知公众号,匹配失败,无法找到相似度超过95%的原始文章,2025-12-08 14:40:03
太平洋保险[鑫相伴]丨…,,未知公众号,匹配失败,无法找到相似度超过95%的原始文章,2025-12-08 14:40:03
香港保险12月优惠更新,,未知公众号,匹配失败,无法找到相似度超过95%的原始文章,2025-12-08 14:40:03
买港险先查资产流向！8大保司底层投资曝光,,未知公众号,匹配失败,无法找到相似度超过95%的原始文章,2025-12-08 14:40:03
立桥「息享未来」…,,未知公众号,匹配失败,无法找到相似度超过95%的原始文章,2025-12-08 14:40:03
42. 港险的货币转换=换保单？别慌！这2款不一样~,,未知公众号,匹配失败,无法找到相似度超过95%的原始文章,2025-12-08 14:40:03
45. 港险“567”提领王易主？最新5年交对比来了~,,未知公众号,匹配失败,无法找到相似度超过95%的原始文章,2025-12-08 14:40:03
47. 鑫相伴快返年金 | 终身保底2.5%复利+,,未知公众号,匹配失败,无法找到相似度超过95%的原始文章,2025-12-08 14:40:03
50. 吓都吓死了，这款港险终身保证2.5%+,,未知公众号,匹配失败,无法找到相似度超过95%的原始文章,2025-12-08 14:40:03
美联储又降息了，但大家都没抓到重点...,https://mp.weixin.qq.com/s/USoyResfpjRlVsNAOrkaAg,特别分子Mark,已删除,"文章已被删除或无法访问，生成了""未命名文章""",2025-12-16 19:42:39
你在海外的收入和资产，到底哪些需要交税？,https://mp.weixin.qq.com/s/BpJDE6tEt7bsUbcaMuv0iQ,蓝星探险,🙅‍ 不选,涉税务内容，不选。,2025-12-16 19:43:32
子女定居海外，父母不要跟过去养老！,https://mp.weixin.qq.com/s/BYGl3atCL3pzjzMSjc_98w,蓝星探险,🙅‍ 不选,无关港险。,2025-12-16 19:43:32
投资、工作，一定要做让自己越来越轻松的模式,https://mp.weixin.qq.com/s/mg8FhMic3FoeA65jfgt4Cg,港险研究院,🙅‍ 不选,无关保险。,2025-12-16 19:43:32
7*24小时，12月香港这6大银行可以在线开户！,https://mp.weixin.qq.com/s/sF6wpD_7VSE1kWsneX6iMg,崔伟说投资,🙅‍ 不选,银行开户为敏感话题。,2025-12-16 19:43:33
未来10年，现金和房子都将贬值，只有2样东西最值钱,https://mp.weixin.qq.com/s/Rrza4d6_yfV7cxoCGd6fPA,伟伟说投资,🙅‍ 不选,宏观理财观点，与香港保险无关。,2025-12-16 19:43:33
迈过50万存款大关，果断提前退休！每年拿3万5，安度晚年,https://mp.weixin.qq.com/s/rrd7erUk-bWGF-ooQ4r1iQ,伟伟说投资,🙅‍ 不选,个人理财与退休故事型内容，与香港保险无关。,2025-12-16 19:43:33
财政部发布重要消息，2026年养老金上涨，或将不按工龄涨了？,https://mp.weixin.qq.com/s/12-wbb0xBL2wFIAuvNQzhQ,伟伟说投资,🙅‍ 不选,属内地社保与养老金政策，非港险领域。,2025-12-16 19:43:33
在大时代中找准节奏：新华保险以“稳健投资+生态服务”双轮驱动，穿越行业转型深水区,https://mp.weixin.qq.com/s/lCFYlhRFkVmBEU7l170urw,伟伟说投资,🙅‍ 不选,内地保险公司新华保险资讯，不涉及香港保险。,2025-12-16 19:43:33
中国银行出手，王炸年金，整存零取6%利息，拯救市场低利率,https://mp.weixin.qq.com/s/uLIa-JwVQ_NAYh0_d4iecA,伟伟说投资,🙅‍ 不选,中国银行理财/年金，非香港保险产品。,2025-12-16 19:43:33
稳字当头！人保“民享盈”与中意“意值有”，打造安心现金流！,https://mp.weixin.qq.com/s/e06U2sI5O3GL0p65yhbPbQ,伟伟说投资,🙅‍ 不选,均为内地保险产品，与香港保险无关。,2025-12-16 19:43:33
中央定调2026！明年继续国补，钱袋子又要鼓起来了,https://mp.weixin.qq.com/s/qGOAKJivPuTBiGX3lS2TfA,伟伟说投资,🙅‍ 不选,宏观财政政策，与香港保险无关。,2025-12-16 19:43:33
23年高达6.5%只是起点？这份现金分红保单的强大你想象不到！,,未知公众号,匹配失败,无法找到相似度超过95%的原始文章,2025-12-16 19:43:33
零换汇门槛！国寿傲珑盛世王炸升级：派息 5%+ 随时提领，内地人买港险的终极福音！,https://mp.weixin.qq.com/s/-Toh5wkOnf-1x0Dg97XoYg,心水保,🙅‍ 不选,标题涉及'换汇'词汇，触及政策红线，直接剔除。,2025-12-16 19:48:30
别跟风！报行合一 + 换汇窗口期，香港储蓄险不是人人能买，盲目投保必亏哭！,https://mp.weixin.qq.com/s/TXoKJhgY-Ijvix3n-kMTHA,心水保,🙅‍ 不选,标题涉及'换汇窗口期'，触及政策红线，直接剔除。,2025-12-16 19:48:30
CRS升级，境外补税+资产全面透明化，香港储蓄险还安全吗？,https://mp.weixin.qq.com/s/G0ygvbXwu8H6kN5Cfq7xOg,港险优选专家,🙅‍ 不选,标题涉及'CRS'，触及政策红线，直接剔除。,2025-12-16 19:48:30
浙金中心200亿停兑真相：一场针对“保守型富人”的精准围猎,https://mp.weixin.qq.com/s/zccfXEZiaW-aOMXhWeLxqg,小冯妮儿聊港险,🙅‍ 不选,纯内地金融风险传闻，无港险相关，低价值内容直接剔除。,2025-12-16 19:48:30
存在银行的钱都能没？看完吕梁这57个老人的遭遇，我连夜检查了自己的账户……,https://mp.weixin.qq.com/s/AJD4lqnsqSa3Q55yoLEuPw,小冯妮儿聊港险,🙅‍ 不选,纯内地银行风险碎碎念，无港险对比，低价值内容直接剔除。,2025-12-16 19:48:30
保姆级攻略｜汇丰香港One卡，超快手机在线搞定，含开卡+网银+激活+养卡！,https://mp.weixin.qq.com/s/6p6WpEnaAFMphAWUVTs1Dg,小冯妮儿聊港险,🙅‍ 不选,纯银行卡开户攻略，属于无效低价值内容，直接剔除。,2025-12-16 19:48:30
为什么你缴港险保费总失败？汇丰香港APP 线上缴保费全流程，0出错！,https://mp.weixin.qq.com/s/ld7ZYXeBmWoaC9oGMHtm_A,小冯妮儿聊港险,🙅‍ 不选,纯银行APP缴保费攻略，属于银行卡使用指南，无保险核心，直接剔除。,2025-12-16 19:48:30
境内银行卡，也可以买到4.5%收益的美元理财，钱不出境！,https://mp.weixin.qq.com/s/D0PAMZbEofmXiqyUDL2Fag,小冯妮儿聊港险,🙅‍ 不选,纯内地美元理财，涉及资金出境暗示，无港险对比，直接剔除。,2025-12-16 19:48:30
美国给新生儿发 “躺赚账户”：1000美元30年变10万？,https://mp.weixin.qq.com/s/oD2ssdwf2XpI4_H4vUQQKg,港险圈研究院,🙅‍ 不选,无关美国账户，无港险相关，直接剔除。,2025-12-16 19:48:30
凌晨重磅！美联储又降息25个基点！,https://mp.weixin.qq.com/s/vS1y0aAz6RQVmy3owhSD9A,港险圈研究院,🙅‍ 不选,纯宏观降息新闻，无港险或保单影响讨论，低价值直接剔除。,2025-12-16 19:48:30
银行守着323万亿存款找不到出路？越存钱越焦虑的时代，来了~,https://mp.weixin.qq.com/s/5SkoKNfviEvzdIzan6TPHg,港险圈研究院,🙅‍ 不选,纯内地银行存款焦虑，无港险对比，低价值内容直接剔除。,2025-12-16 19:48:30
炒过股才知道，我们其实已经破产了~,https://mp.weixin.qq.com/s/Ceur-zZ3fW60uOG9BSwOfQ,有态度的精蒜湿,🙅‍ 不选,个人碎碎念，无港险相关，低价值直接剔除。,2025-12-16 19:48:30
叫兽们，玩的真花~,https://mp.weixin.qq.com/s/TQ5pRXytEY6RZJJnTyWd2A,有态度的精蒜湿,🙅‍ 不选,无意义碎碎念，无法判断港险相关，直接剔除。,2025-12-16 19:48:30
2025年已关停9000家，银行网点关停潮的背后，您的存款怎么存更安全？,https://mp.weixin.qq.com/s/XhNBAo0uUPbM6gcMhRF3iQ,伟伟说投资,🙅‍ 不选,纯内地银行关停传闻，无港险对比，低价值直接剔除。,2025-12-16 19:48:30
华美开户小心这3个坑，不然会被关户,https://mp.weixin.qq.com/s/TA1PZUoLB8bCxrn_uLOF1Q,leesin境外咨询笔记,🙅‍ 不选,标题为银行开户攻略，涉及合规敏感区（开户关户暗示资金操作），非保险核心。,2026-01-25 21:36:00
存在香港各大银行的钱，算不算离岸资产？CRS管不管？,https://mp.weixin.qq.com/s/UN8Tb756NV-EPd__7wootA,小冯妮儿聊港险,🙅‍ 不选,涉及'CRS'和离岸资产，触及政策红线，直接剔除。,2026-01-25 21:36:00
CRS信息交换的真相：你的境外资产不会被逐笔监控，但你必须依法申报！,https://mp.weixin.qq.com/s/uy-9qPjGtV43rbjry068Kw,小冯妮儿聊港险,🙅‍ 不选,直接涉及'CRS'，政策红线，无条件剔除。,2026-01-25 21:36:00
你的“退休年龄”，可能比你想象的要晚十年,https://mp.weixin.qq.com/s/d2pMRAtXSNC9qKQ2XafBBg,港险圈研究院,🙅‍ 不选,纯泛化养老话题，无香港保险相关性，低价值内容。,2026-01-25 21:36:00
23日，我在香港，邀你一起“拥抱不确定性,https://mp.weixin.qq.com/s/Q3MixYbmp1EQxVPEql9g1g,有态度的精蒜湿,🙅‍ 不选,个人活动邀约，碎碎念，无实质保险内容。,2026-01-25 21:36:00
2026开年 | 在最顶级的圈层里，陪你做“长期主义”的赢家~,https://mp.weixin.qq.com/s/H2oRX3Vm7pdhpbpPuUtgYw,有态度的精蒜湿,🙅‍ 不选,营销式碎碎念，无具体保险或产品信息，低价值。,2026-01-25 21:36:00
江苏养老“天花板”？为何南大教授和院士都选这里？揭秘南京泰康之家·苏园,https://mp.weixin.qq.com/s/wSteaqYDLI0lh1Btx9g_TA,伟伟说投资,🙅‍ 不选,纯内地养老社区内容，无香港保险相关。,2026-01-25 21:36:00
降准降息还有空间？增多多9号回血快，收益天花板，妥妥“闲钱避风港”,https://mp.weixin.qq.com/s/fkU9Z0bxAm8VcJlPa6MrQA,伟伟说投资,🙅‍ 不选,内地理财产品讨论，纯非港险，无相关性。,2026-01-25 21:36:01
邮储银行开门红，利率2.88%！能存吗？,https://mp.weixin.qq.com/s/rE-gvMtUBCNLCM2rYqT9rQ,伟伟说投资,🙅‍ 不选,纯内地银行存款攻略，低价值且非港险。,2026-01-25 21:36:01
开门红还得看平安，“岁月长安”爆款新出炉，存钱3%+医疗全覆盖！,https://mp.weixin.qq.com/s/BFzAZKEKVqqHC2XOmcicLQ,伟伟说投资,🙅‍ 不选,纯内地保险（平安），无香港对比或相关。,2026-01-25 21:36:01
灵活储蓄寿险助力缓解中年家庭三重压力，实现财富增值,https://mp.weixin.qq.com/s/JsgXLcW3mJUD7Q0tcJasjA,香港保险圈,已删除,"文章已被删除或无法访问，生成了""未命名文章""",2026-02-02 02:38:35
香港PI身份虽好，也不要弄虚作假哦！,https://mp.weixin.qq.com/s/UITGxJFB8aaItji9DzGZ-w,港险宝宝PRO,🙅‍ 不选,涉及PI身份认证的合规风险和弄虚作假警示，属于政策敏感区，宁错杀直接剔除。,2026-02-02 02:39:38
现在去香港存美元，很难不亏钱,https://mp.weixin.qq.com/s/4SkYSw1XtDwFU1UpideSRQ,蓝星探险,🙅‍ 不选,纯存款视角，涉及美元存款亏钱讨论，接近存款降息敏感主题且低价值，直接剔除。,2026-02-02 02:39:38
致高净值投资者：关于香港专业投资者（PI）认证，必须知道的审核风险,https://mp.weixin.qq.com/s/-6R54ma4ksj1UeZB8UTClQ,长城港险,🙅‍ 不选,纯PI认证风险讨论，政策敏感（合规底线），直接剔除。,2026-02-02 02:39:38
黄金白银暴跌，不想高位站岗，怎么办？,https://mp.weixin.qq.com/s/XhS2OFZEuhtalOlUWraX3g,心水保,🙅‍ 不选,无关保险，纯投资建议，低价值直接剔除。,2026-02-02 02:39:38
天塌了！买了香港储蓄险，钱取不出来了！,https://mp.weixin.qq.com/s/jWNBmuYIp5NvmV3X3LuF-Q,心水保,🙅‍ 不选,制造恐慌的系统性风险传闻（取不出钱），属于保险公司风险类，直接剔除。,2026-02-02 02:39:38
赴港投保全流程解答：去香港投保合法吗？钱怎么出去+转回内地？,https://mp.weixin.qq.com/s/eDKnp_sTF7UqbaIEQsv9YQ,港险优选专家,🙅‍ 不选,直接涉及'钱怎么出去+转回内地'资金出境，政策红线，直接剔除。,2026-02-02 02:39:38
小冯妮儿团队的专属资料包！,https://mp.weixin.qq.com/s/d_UiwqJD2KO5MgKO8aDtCA,小冯妮儿聊港险,🙅‍ 不选,个人碎碎念或推广，无实质内容，低价值剔除。,2026-02-02 02:39:38
"CRS补税倒查3年：别慌，这才是高净值家庭该看的""避坑指南""",https://mp.weixin.qq.com/s/zN0Uy7byjnu9eU3MmAb2Lw,小冯妮儿聊港险,🙅‍ 不选,明确涉及'CRS补税'，政策红线直接剔除。,2026-02-02 02:39:38
香港PI专业投资者认证全指南：门槛、流程、资产证明实操一文读懂,https://mp.weixin.qq.com/s/R6F3kl3qynJc8sO6xqv7IA,港险圈研究院,🙅‍ 不选,纯PI认证攻略，涉及资产证明和合规敏感，宁错杀剔除。,2026-02-02 02:39:38
美股长牛背后：美元资产为啥是全球财富蓄水池？,https://mp.weixin.qq.com/s/2PIq1l9wvN4OD5bu0G0ftg,港险圈研究院,🙅‍ 不选,涉及'美股'和美元资产，政策红线直接剔除。,2026-02-02 02:39:38
2026年，拒绝AI的人，注定会被时代抛弃！,https://mp.weixin.qq.com/s/5cWdv30iKucRWW72PCfH_w,有态度的精蒜湿,🙅‍ 不选,无关保险主题，纯碎碎念，低价值剔除。,2026-02-02 02:39:38
那个想带你暴富的人，正拿着镰刀等在门口！,https://mp.weixin.qq.com/s/WktK3vG8Ow5t4jgzH5KEWw,有态度的精蒜湿,🙅‍ 不选,泛泛投资警示，无关香港保险，低价值剔除。,2026-02-02 02:39:38
拿证归来：给自己多留一条后路~,https://mp.weixin.qq.com/s/64nXY7RNUp9KOdHuNZ_3Sg,有态度的精蒜湿,🙅‍ 不选,不明朗个人碎碎念，可能涉PI/证件，模棱两可低价值剔除。,2026-02-02 02:39:38
海外资产配置选香港还是新加坡？3 大核心维度拆解，答案一目了然,https://mp.weixin.qq.com/s/oLO9pjqiCMGAu7GcUgwrWg,心水保,🙅‍ 不选,标题聚焦海外资产配置对比，无明确香港保险产品或主题，属于无效低价值内容。,2026-02-02 15:11:06
测评香港保险产品，我必做的几件事,https://mp.weixin.qq.com/s/obRsuFwnEJgYallWBLJz9g,特别分子Mark,已删除,"文章已被删除或无法访问，生成了""未命名文章""",2026-02-11 18:56:22
AXA安盛马到功「盛」大抽奖，价值58081港元999金马摆件等你来拿！,https://mp.weixin.qq.com/s/OCJ__ZXHTrwgJNBTHw9Yzw,港险宝宝PRO,已删除,"文章已被删除或无法访问，生成了""未命名文章""",2026-02-11 18:57:06
孙燕姿、五月天、黎明，三月的这三场演唱会别错过了！,https://mp.weixin.qq.com/s/oawYQt_j0hKlVZVFiJExmA,港险宝宝PRO,🙅‍ 不选,无关演唱会内容，与香港保险无关。,2026-02-11 18:59:01
境外所得补税或成2026年征管重点,https://mp.weixin.qq.com/s/quNTKz3_U7XPxkyLZA_FgQ,港险宝宝PRO,🙅‍ 不选,涉及境外所得补税，政策红线敏感（类似避税/逃税）。,2026-02-11 18:59:01
香港金管局官宣：3月发首批稳定币牌照，36家机构疯抢！和香港保险有几毛钱关系？,https://mp.weixin.qq.com/s/tvtWHXXvcfx-MeJzRxwmqw,港险宝宝PRO,🙅‍ 不选,涉及稳定币，政策红线直接剔除。,2026-02-11 18:59:01
5.1亿港元！香港宏福苑火灾超八成理赔个案处理完毕！,https://mp.weixin.qq.com/s/NTpCtcaG2O7R6rzArToyHA,港险宝宝PRO,🙅‍ 不选,火灾理赔个案，非产品或业务讨论，低价值内容。,2026-02-11 18:59:01
6.12万亿！内地保险业2025业绩出炉！保险业总资产突破41万亿元大关！,https://mp.weixin.qq.com/s/KRmQBHx421Fn6I8ssaKZgw,港险宝宝PRO,🙅‍ 不选,纯内地保险业绩，无港险对比。,2026-02-11 18:59:01
郑氏家族拟变卖核心资产，周大福人寿会沦为下一个弃子吗？,https://mp.weixin.qq.com/s/odq85oP0MWTXVbIfDIsVjg,蓝星探险,🙅‍ 不选,涉及周大福人寿潜在破产/系统性风险传闻。,2026-02-11 18:59:01
2026境外所得严查来袭！,https://mp.weixin.qq.com/s/pmmWkm7aTGBGeKNJX-gQnQ,港险渠道,🙅‍ 不选,境外所得严查，政策红线敏感。,2026-02-11 18:59:01
0存款、0管理费！中银香港开户真相与备选方案全解析,https://mp.weixin.qq.com/s/OZReQSPjMphaVGV0erOgRg,港险渠道,🙅‍ 不选,香港开户攻略，涉及资金出境敏感。,2026-02-11 18:59:01
香港保险，钱怎么回内地？真的超简单！,https://mp.weixin.qq.com/s/mSe_oSdTkr6Z65g2P0XGjw,崔伟说投资,🙅‍ 不选,涉及资金回内地，资金出境敏感。,2026-02-11 18:59:01
2026年4月1日，香港永明停售高端医疗险【精心医疗保】,https://mp.weixin.qq.com/s/3RgekEe350Rpy1AzeVisyQ,香港保险行业资讯,🙅‍ 不选,医疗险停售，系统性风险传闻，非分红储蓄核心。,2026-02-11 18:59:01
2026年4月1日起，香港永明上调医疗险保费8%—12%,https://mp.weixin.qq.com/s/27b9UQP7TTpTp6xnZ1yPZw,香港保险行业资讯,🙅‍ 不选,医疗险保费上调，风险类，非核心业务。,2026-02-11 18:59:01
2月利率盘点：54家银行定存利率+美元定存跳水，钱怎么存利息最高？,https://mp.weixin.qq.com/s/e-Yuvz7-poLMy_X9eELS5w,港险优选专家,🙅‍ 不选,纯银行存款利率盘点，无香港保险相关内容，属于无效低价值内容。,2026-02-11 18:59:01
【2026年2月5日】香港汇丰银行又能内地线上开户了，人在内地、0门槛就能开~,https://mp.weixin.qq.com/s/-5LNfX9Kn3r16IgyTUUSnQ,小冯妮儿聊港险,🙅‍ 不选,纯银行开户攻略，涉及资金出境敏感区，非保险核心。,2026-02-11 18:59:02
别让婚姻变成 “财富收割机”！高净值人士必看的财产防护指南~,https://mp.weixin.qq.com/s/c3JAi0uYur0mgldug8Rs0w,港险圈研究院,🙅‍ 不选,财产防护指南，无香港保险相关，纯通用理财。,2026-02-11 18:59:02
100节课300分钟，我跟自己较个劲~,https://mp.weixin.qq.com/s/xkjez500-Gd-ili6j-QQiQ,有态度的精蒜湿,🙅‍ 不选,个人碎碎念，无关香港保险。,2026-02-11 18:59:02
30个月后，美元不再是“硬通货”？,https://mp.weixin.qq.com/s/ZWn0TjIxEZvRECSz5JrRIQ,有态度的精蒜湿,🙅‍ 不选,纯宏观美元讨论，无港险相关。,2026-02-11 18:59:02
中美双押，瓜分世界,https://mp.weixin.qq.com/s/YXVgObYizlxAkFpRdEIzsA,有态度的精蒜湿,🙅‍ 不选,无关香港保险，纯地缘政治碎念。,2026-02-11 18:59:02
拒绝内卷药渣，拥抱全球红利,https://mp.weixin.qq.com/s/woL7rJ8ept0Ed_WFsChAlg,有态度的精蒜湿,🙅‍ 不选,无关香港保险，纯个人碎碎念。,2026-02-11 18:59:02
客户问我：你能干几年？,https://mp.weixin.qq.com/s/rLd6CBgAMju82lO8fvNRrw,有态度的精蒜湿,🙅‍ 不选,个人碎碎念，无关业务。,2026-02-11 18:59:02
100万定存，香港与内地收益能差4倍多？！,https://mp.weixin.qq.com/s/AEth9KlZcfwRWu9IN2MSmA,伟伟说投资,🙅‍ 不选,纯存款收益对比，无保险相关内容，属于低价值非核心业务。,2026-02-11 18:59:02
2026年存钱，还在纠结存1年还是3年？大错特错！,https://mp.weixin.qq.com/s/TUepyGSaL-WCEq4vW_gB-A,伟伟说投资,🙅‍ 不选,纯内地存款攻略，无香港保险相关，属于无效内容。,2026-02-11 18:59:02
存银行就是给通胀打工？50万换个地方存，利息翻3倍！,https://mp.weixin.qq.com/s/3KMEM1ti4C6EDyjxrQ_Lag,伟伟说投资,🙅‍ 不选,纯银行存款与通胀话题，无香港保险相关，属于无效低价值内容。,2026-02-11 18:59:02
彭博：2026香港将成全球最大财富中心！港险新单爆发，剑指210亿美元！,,未知公众号,匹配失败,无法找到相似度超过95%的原始文章,2026-02-11 18:59:02
AXA安盛成绩斐然，继续领先，这意味着客户能获得怎样的保障？,https://mp.weixin.qq.com/s/8oxlt61gzkA1tKItTUfUkQ,港险宝宝PRO,已删除,"文章已被删除或无法访问，生成了""未命名文章""",2026-02-28 13:43:02
3亿美元天价保单？IUL到底是个什么玩意儿？,https://mp.weixin.qq.com/s/jgDyTX7mC2rE-sSEI2LInw,特别分子Mark,🙅‍ 不选,IUL为美国指数型万能险，与香港保险无关，非业务核心内容。,2026-02-28 13:44:15
新加坡3亿美元（约合人民币21亿）的人寿保单，刷新全球记录！,https://mp.weixin.qq.com/s/dnc0RM-ybHs9BkC760i75w,港险宝宝PRO,🙅‍ 不选,聚焦新加坡保单，与香港保险无关。,2026-02-28 13:44:15
451亿美元身家，97岁李嘉诚重回巅峰！2026香港“涨”声响起来！,https://mp.weixin.qq.com/s/tS9A7Pd0lJK-3M_9TqD08g,港险宝宝PRO,🙅‍ 不选,无关保险，仅为香港经济或人物新闻。,2026-02-28 13:44:15
３亿美元天价保单！刷新世界纪录！IUL财富的高阶游戏！,https://mp.weixin.qq.com/s/0vgTlBpkgJE4eP-1bwHyrg,香港保险圈,🙅‍ 不选,IUL为美国产品，与香港保险无关。,2026-02-28 13:44:16
正月初五｜财运进门，马上福禄！,https://mp.weixin.qq.com/s/JxCqJjCpAXsP4ESdRrsRdg,香港保险圈,🙅‍ 不选,节日碎碎念，无关保险。,2026-02-28 13:44:16
新春启程｜龙马精神，马到成功！,https://mp.weixin.qq.com/s/mA8z9fwlCxxgJwMOfkyqCw,香港保险圈,🙅‍ 不选,节日碎碎念，无关保险。,2026-02-28 13:44:16
除夕纳福｜辞旧迎新，骏业日新！,https://mp.weixin.qq.com/s/J5zelxWO6QpZBJkVgN-wAA,香港保险圈,🙅‍ 不选,节日碎碎念，无关保险。,2026-02-28 13:44:16
破纪录！3亿美金天价保单！为什么顶豪这么喜欢买IUL？,https://mp.weixin.qq.com/s/uIrMNq2UsMD_6gvLKTCCdw,蓝星探险,🙅‍ 不选,IUL为美国产品，与香港保险无关。,2026-02-28 13:44:16
交100万赔1100万，iul做传承到底有多牛？,https://mp.weixin.qq.com/s/sSMOJ-Sm72UjWPESGVxR6Q,蓝星探险,🙅‍ 不选,IUL为美国产品，与香港保险无关。,2026-02-28 13:44:16
2026年了，房子还要卖吗？,https://mp.weixin.qq.com/s/3Edgl4rg9wRQh5KhhALugQ,蓝星探险,🙅‍ 不选,房产相关，无关保险。,2026-02-28 13:44:16
一文读懂全年红利！香港2026年《财政预算案》重磅出炉！,https://mp.weixin.qq.com/s/tLP98IVum-uDtQDNzuLKfA,崔伟说投资,🙅‍ 不选,香港财政预算，无关保险产品。,2026-02-28 13:44:16
2026春节香港保司放假安排！,https://mp.weixin.qq.com/s/mMBeiovey4FvLtCNH5QsoQ,崔伟说投资,🙅‍ 不选,纯实用放假信息，低价值非核心内容。,2026-02-28 13:44:16
客户反馈：冯老师很实在，小白听得很明白！,https://mp.weixin.qq.com/s/lXz2UVOmsOgiuBYVVy1KgA,小冯妮儿聊港险,🙅‍ 不选,个人碎碎念，低价值。,2026-02-28 13:44:16
【征稿启事】分享你和小冯妮儿团队的故事，最高200元稿费等你来拿！,https://mp.weixin.qq.com/s/3PvzqArOBNGmNdDxoe1ZXA,小冯妮儿聊港险,🙅‍ 不选,征稿广告，无关内容。,2026-02-28 13:44:16
2026 马年春节赴港全攻略｜办港卡 + 买港险 + 吃喝玩乐一站式搞定，避开假期坑！,https://mp.weixin.qq.com/s/O4JELNlAuYo5iSs6gKrs4Q,小冯妮儿聊港险,🙅‍ 不选,'办港卡'涉及银行开户敏感，资金出境暗示，政策红线。,2026-02-28 13:44:16
收藏！AXA安盛网页版+APP详细教程：保单查询、缴费、理赔，一篇手把手教会你~,https://mp.weixin.qq.com/s/fsZBsMjBavtcig84D5fwiw,港险圈研究院,🙅‍ 不选,纯保单使用攻略，低价值非核心流量意图。,2026-02-28 13:44:16
刚刚！3亿美元保单刷新全球纪录！新加坡赢在哪，这篇讲透了~,https://mp.weixin.qq.com/s/Jn_PmpqMsnUtQZkRDRUU0Q,港险圈研究院,🙅‍ 不选,新加坡保单，与香港无关。,2026-02-28 13:44:16
做时间的朋友，静待陌上花开,https://mp.weixin.qq.com/s/eZHVoUqj3LlJ3lodz3xFCw,有态度的精蒜湿,🙅‍ 不选,无关投资碎碎念。,2026-02-28 13:44:16
赚了3年的钱，1个月全亏光？,https://mp.weixin.qq.com/s/j3RtazQc7cHA07ss7PLe6w,有态度的精蒜湿,🙅‍ 不选,无关投资碎碎念。,2026-02-28 13:44:16
假分散，真连环！你的资产安全吗？,https://mp.weixin.qq.com/s/qOA7tGef9wyZeMtPB-RWxA,有态度的精蒜湿,🙅‍ 不选,无关投资碎碎念。,2026-02-28 13:44:16
美股不断创新高，到底还能不能上车？,https://mp.weixin.qq.com/s/h425WUE7TxppbarWVBhITw,有态度的精蒜湿,🙅‍ 不选,美股相关，政策敏感（美股开户暗示）。,2026-02-28 13:44:17
为什么你投资总亏钱？,https://mp.weixin.qq.com/s/-p6nzv58T7CQruTQQaa4KA,有态度的精蒜湿,🙅‍ 不选,无关投资碎碎念。,2026-02-28 13:44:17
1.75%→1.25%！内地头部保司集体降息，分红险的黄金窗口还剩多久？,https://mp.weixin.qq.com/s/_kZvHnVtB9mCEli0J5syCQ,伟伟说投资,🙅‍ 不选,纯内地视角存款/保司降息，政策红线。,2026-02-28 13:44:17
把不能自理的父母送进养老院是不孝吗？看完南京这家养老院的护理，我彻底破防了！,https://mp.weixin.qq.com/s/MhC2MgralQPikQvng7VXXA,伟伟说投资,🙅‍ 不选,内地养老相关，无关香港保险。,2026-02-28 13:44:17
成本3.5%，收益6%：如何利⽤境外低息环境，完成低⻛险的“确定性套利”？,https://mp.weixin.qq.com/s/DF4PZ8iJTvVjRkl6Y78wtQ,伟伟说投资,🙅‍ 不选,'套利'及境外低息暗示合规敏感，避税视角。,2026-02-28 13:44:17
AXA安盛成绩斐然，继续领先，这意味着客户能获得怎样的保障？,,未知公众号,匹配失败,无法找到相似度超过95%的原始文章,2026-02-28 13:44:17
为何保证回报是“奢侈品”？这份昂贵的成本，谁在替客户买单？,,未知公众号,匹配失败,无法找到相似度超过95%的原始文章,2026-02-28 13:44:17
